Project_Name,Subproject,Sample_ID,Source_ID,Strain_ID,Plasmid_ID,Nucleic_Acids_ID,A260,A280,Ratio,nDrop,Qubit,Quantification_Method,Extractor,Date_Extracted,Storage_Location,Storage_Box,Kit_Name,Lot_Number,Kit_Name_2,Lot_Number_2,What_is_this?,Empty,Notes
NIH_Leech_Microbiome,HVI,Crop_3,Crop_3,,,,,,,,,,,,,,,,,,,no,
NIH_Leech_Microbiome,PureCulture,A081314EMav,A081314EMa,,,A081314EMavD,,,,,16.0,,LinA,2014-09-11,TLS_-80,D29,,,,,,no,"Isolated on p.14, 2014_0904"
NIH_Leech_Microbiome,PureCulture,A081314EMbv,A081314EMb,,,A081314EMbvD,,,,,2.54,,LinA,2014-09-11,TLS_-80,D29,,,,,,no,"Isolated on p.14, 2014_0904"
NIH_Leech_Microbiome,PureCulture,A081314EMcv,A081314EMc,,,A081314EMcvD,,,,,2.58,,LinA,2014-09-11,TLS_-80,D29,,,,,,no,"Isolated on p.14, 2014_0904"
NIH_Leech_Microbiome,PureCulture,A081314EMdv,A081314EMd,,,A081314EMdvD,,,,,4.78,,LinA,2014-09-11,TLS_-80,D29,,,,,,no,"Isolated on p.14, 2014_0904"
NIH_Leech_Microbiome,ContBlood,A081314EMev,A081314EMe,,,A081314EMevD,,,,,2.4,,LinA,2014-09-11,TLS_-80,D29,,,,,,no,"Isolated on p.14, 2014_0904"
NIH_Leech_Microbiome,ContBlood,A0dF081314EMai,A0dF081314EMa,,,A0dF081314EMaiD,,,,,12.0,,McClureE,2014-08-19,BPB425_-20,DNA3,EMbeat ,,,,,no,
NIH_Leech_Microbiome,ContBlood,A0dF081314EMbi,A0dF081314EMb,,,A0dF081314EMbiD,,,,,12.0,,McClureE,2014-08-19,BPB425_-20,DNA3,EMbeat ,,,,,no,
NIH_Leech_Microbiome,ContBlood,A0dF081314EMci,A0dF081314EMc,,,A0dF081314EMciD,,,,,9.14,,McClureE,2014-08-19,BPB425_-20,DNA3,EMbeat ,,,,,no,
NIH_Leech_Microbiome,ContBlood,A0dF081314EMdi,A0dF081314EMd,,,A0dF081314EMdiD,,,,,12.0,,McClureE,2014-08-19,BPB425_-20,DNA3,EMbeat ,,,,,no,
NIH_Leech_Microbiome,ContBlood,A0dF081314EMei,A0dF081314EMe,,,A0dF081314EMeiD,,,,,12.0,,McClureE,2014-08-19,BPB425_-20,DNA3,EMbeat ,,,,,no,
NIH_Leech_Microbiome,ContBlood,A3dF081614EMai,A3dF081614EMa,,,A3dF081614EMaiD,,,,,4.11,,LinA,2014-09-16,BPB425_-20,DNA3,,,,,,no,
NIH_Leech_Microbiome,ContBlood,A3dF081614EMaos,A3dF081614EMa,,,A3dF081614EMaosD,,,,,4.11,,LinA,2014-09-16,BPB425_-20,DNA3,,,,,,no,
NIH_Leech_Microbiome,ContBlood,A3dF081614EMau,A3dF081614EMa,,,A3dF081614EMauD,,,,,5.76,,McClureE,2014-09-14,BPB425_-20,DNA3,EMbeat ,,,,,no,
NIH_Leech_Microbiome,ContBlood,A3dF081614EMbi,A3dF081614EMb,,,A3dF081614EMbiD,,,,,16.7,,McClureE,2014-09-14,BPB425_-20,DNA3,EMbeat ,,,,,no,
NIH_Leech_Microbiome,ContBlood,A3dF081614EMbos,A3dF081614EMb,,,A3dF081614EMbosD,,,,,0.626,,LinA,2014-09-16,BPB425_-20,DNA3,,,,,,no,
NIH_Leech_Microbiome,ContBlood,A3dF081614EMbu,A3dF081614EMb,,,A3dF081614EMbuD,,,,,9.56,,McClureE,2014-09-14,BPB425_-20,DNA3,EMbeat ,,,,,no,
NIH_Leech_Microbiome,ContBlood,A3dF081614EMci,A3dF081614EMc,,,A3dF081614EMciD,,,,,14.4,,McClureE,2014-09-14,BPB425_-20,DNA3,EMbeat ,,,,,no,
NIH_Leech_Microbiome,ContBlood,A3dF081614EMcos,A3dF081614EMc,,,A3dF081614EMcosD,,,,,1.11,,LinA,2014-09-16,BPB425_-20,DNA3,,,,,,no,
NIH_Leech_Microbiome,ContBlood,A3dF081614EMcu,A3dF081614EMc,,,A3dF081614EMcuD,,,,,0.828,,McClureE,2014-09-14,BPB425_-20,DNA3,EMbeat ,,,,,no,
NIH_Leech_Microbiome,ContBlood,A3dF081614EMdi,A3dF081614EMd,,,A3dF081614EMdiD,,,,,15.0,,McClureE,2014-09-14,BPB425_-20,DNA3,EMbeat ,,,,,no,
NIH_Leech_Microbiome,ContBlood,A3dF081614EMdos,A3dF081614EMd,,,A3dF081614EMdosD,,,,,0.5720000000000001,,LinA,2014-09-16,BPB425_-20,DNA3,,,,,,no,
NIH_Leech_Microbiome,ContBlood,A3dF081614EMdu,A3dF081614EMd,,,A3dF081614EMduD,,,,,1.1,,McClureE,2014-09-14,BPB425_-20,DNA3,EMbeat ,,,,,no,
NIH_Leech_Microbiome,ContBlood,A3dF081614EMei,A3dF081614EMe,,,A3dF081614EMeiD,,,,,14.4,,McClureE,2014-09-14,BPB425_-20,DNA3,EMbeat ,,,,,no,
NIH_Leech_Microbiome,ContBlood,A3dF081614EMeos,A3dF081614EMe,,,A3dF081614EMeosD,,,,,0.05,,LinA,2014-09-16,BPB425_-20,DNA3,,,,,,no,
NIH_Leech_Microbiome,ContBlood,A3dF081614EMeu,A3dF081614EMe,,,A3dF081614EMeuD,,,,,2.0,,LinA,2014-09-16,BPB425_-20,DNA3,,,,,,no,
NIH_Leech_Microbiome,Food,A4dA061113EMacR,A4dA061113EMa,,,,,,,,,,,,TLS505_-80,RNA,,,,,,no,
NIH_Leech_Microbiome,Food,A4dB061113EMacR,A4dB061113EMa,,,,,,,,,,,,TLS505_-80,RNA,,,,,,no,
NIH_Leech_Microbiome,EnvInteract,BAa2dF110414EMai,BAa2dF110414EMa,,,BAa2dF110414EMaiD,,,,,9.77,,LinA,2015-04-03,BPB425_-20,DNA4,,,,,,no,"[Extract] remeasured 4/22/15, Graf2014EM01, p.29"
NIH_Leech_Microbiome,EnvInteract,BAa2dF110414EMci,BAa2dF110414EMc,,,BAa2dF110414EMciD,,,,,4.07,,LinA,2015-03-25,BPB425_-20,DNA4,,,,,,no,"[Extract] remeasured 4/22/15, Graf2014EM01, p.29"
NIH_Leech_Microbiome,EnvInteract,BAa4dF110614EMai,BAa4dF110614EMa,,,BAa4dF110614EMaiD,,,,,11.7,,LinA,2015-04-08,BPB425_-20,DNA4,,,,,,no,
NIH_Leech_Microbiome,EnvInteract,BAa4dF110614EMbi,BAa4dF110614EMb,,,BAa4dF110614EMbiD,,,,,21.4,,LinA,2015-04-08,BPB425_-20,DNA4,,,,,,no,
NIH_Leech_Microbiome,EnvInteract,BAa4dF110614EMci,BAa4dF110614EMc,,,BAa4dF110614EMciD,,,,,8.08,,LinA,2015-04-01,BPB425_-20,DNA4,,,,,,no,"[Extract] remeasured 4/22/15, Graf2014EM01, p.29"
NIH_Leech_Microbiome,EnvInteract,BAa7dF110914EMai,BAa7dF110914EMa,,,BAa7dF110914EMaiD,,,,,20.7,,LinA,2015-04-13,BPB425_-20,DNA4,,,,,,no,
NIH_Leech_Microbiome,EnvInteract,BAa7dF110914EMbi,BAa7dF110914EMb,,,BAa7dF110914EMbiD,,,,,23.7,,LinA,2015-04-13,BPB425_-20,DNA4,,,,,,no,
NIH_Leech_Microbiome,EnvInteract,BAa7dF110914EMci,BAa7dF110914EMc,,,BAa7dF110914EMciD,,,,,10.7,,LinA,2015-04-13,BPB425_-20,DNA4,,,,,,no,
NIH_Leech_Microbiome,EnvInteract,BAa0d2F020415EMai,BAa0d2F020415EMa,,,BAa0d2F020415EMaiD,,,,,0.605,,LinA,2015-02-25,BPB425_-20,DNA4,,,,,,no,
NIH_Leech_Microbiome,EnvInteract,BAa0d2F020415EMbi,BAa0d2F020415EMb,,,BAa0d2F020415EMbiD,,,,,12.5,,LinA,2015-02-27,BPB425_-20,DNA4,,,,,,no,
NIH_Leech_Microbiome,EnvInteract,BAa0d2F020415EMci,BAa0d2F020415EMc,,,BAa0d2F020415EMciD,,,,,1.55,,LinA,2015-02-25,BPB425_-20,DNA4,,,,,,no,
NIH_Leech_Microbiome,EnvInteract,BAa2d2F020615EMai,BAa2d2F020615EMa,,,BAa2d2F020615EMaiD,,,,,0.7559999999999999,,LinA,2015-02-27,BPB425_-20,DNA4,,,,,,no,
NIH_Leech_Microbiome,EnvInteract,BAa2d2F020615EMbi,BAa2d2F020615EMb,,,BAa2d2F020615EMbiD,,,,,2.83,,LinA,2015-02-20,BPB425_-20,DNA4,,,,,,no,
NIH_Leech_Microbiome,EnvInteract,BAa2d2F020615EMci,BAa2d2F020615EMc,,,BAa2d2F020615EMciD,,,,,4.58,,LinA,2015-02-27,BPB425_-20,DNA4,,,,,,no,"[Extract] remeasured 4/22/15, Graf2014EM01, p.29"
NIH_Leech_Microbiome,EnvInteract,BAa7d2F021115EMai,BAa7d2F021115EMa,,,BAa7d2F021115EMaiD,,,,,1.15,,LinA,2015-02-13,BPB425_-20,DNA4,,,,,,no,
NIH_Leech_Microbiome,EnvInteract,BAa7d2F021115EMbi,BAa7d2F021115EMb,,,BAa7d2F021115EMbiD,,,,,0.955,,LinA,2015-02-13,BPB425_-20,DNA4,,,,,,no,
NIH_Leech_Microbiome,EnvInteract,BAa7d2F021115EMci,BAa7d2F021115EMc,,,BAa7d2F021115EMciD,,,,,0.639,,LinA,2015-02-13,BPB425_-20,DNA4,,,,,,no,
NIH_Leech_Microbiome,EnvInteract,Ba0dF110614EMai,Ba0dF110614EMa,,,Ba0dF110614EMaiD,,,,,4.93,,LinA,2015-0323,BPB425_-20,DNA4,,,,,,no,
NIH_Leech_Microbiome,EnvInteract,Ba0dF110614EMci,Ba0dF110614EMc,,,Ba0dF110614EMciD,,,,,3.49,,LinA,2015-0323,BPB425_-20,DNA4,,,,,,no,
NIH_Leech_Microbiome,EnvInteract,Ba2dF110814EMai,Ba2dF110814EMa,,,Ba2dF110814EMaiD,,,,,38.0,,LinA,2015-0323,BPB425_-20,DNA4,,,,,,no,
NIH_Leech_Microbiome,EnvInteract,Ba2dF110814EMbi,Ba2dF110814EMb,,,Ba2dF110814EMbiD,,,,,19.2,,LinA,2015-04-08,BPB425_-20,DNA4,,,,,,no,"[Extract] remeasured 4/22/15, Graf2014EM01, p.29"
NIH_Leech_Microbiome,EnvInteract,Ba2dF110814EMci,Ba2dF110814EMc,,,Ba2dF110814EMciD,,,,,0.782,,LinA,2015-03-30,BPB425_-20,DNA4,,,,,,no,
NIH_Leech_Microbiome,EnvInteract,Ba4dF111014EMai,Ba4dF111014EMa,,,Ba4dF111014EMaiD,,,,,5.62,,LinA,2015-04-01,BPB425_-20,DNA4,,,,,,no,
NIH_Leech_Microbiome,EnvInteract,Ba4dF111014EMbi,Ba4dF111014EMb,,,Ba4dF111014EMbiD,,,,,16.7,,LinA,2015-03-25,BPB425_-20,DNA4,,,,,,no,
NIH_Leech_Microbiome,EnvInteract,Ba4dF111014EMci,Ba4dF111014EMc,,,Ba4dF111014EMciD,,,,,16.9,,LinA,2015-03-25,BPB425_-20,DNA4,,,,,,no,
NIH_Leech_Microbiome,EnvInteract,Ba7dF111314EMai,Ba7dF111314EMa,,,Ba7dF111314EMaiD,,,,,0.634,,LinA,2015-04-13,BPB425_-20,DNA4,,,,,,no,
NIH_Leech_Microbiome,EnvInteract,Ba7dF111314EMbi,Ba7dF111314EMb,,,Ba7dF111314EMbiD,,,,,2.86,,LinA,2015-04-13,BPB425_-20,DNA4,,,,,,no,
NIH_Leech_Microbiome,EnvInteract,Ba7dF111314EMci,Ba7dF111314EMc,,,Ba7dF111314EMciD,,,,,6.71,,LinA,2015-04-13,BPB425_-20,DNA4,,,,,,no,
NIH_Leech_Microbiome,EnvInteract,Ba0d2F020415EMai,Ba0d2F020415EMa,,,Ba0d2F020415EMaiD,,,,,0.998,,LinA,2015-02-27,BPB425_-20,DNA4,,,,,,no,
NIH_Leech_Microbiome,EnvInteract,Ba0d2F020415EMbi,Ba0d2F020415EMb,,,Ba0d2F020415EMbiD,,,,,3.92,,LinA,2015-03-02,BPB425_-20,DNA4,,,,,,no,
NIH_Leech_Microbiome,EnvInteract,Ba0d2F020415EMci,Ba0d2F020415EMc,,,Ba0d2F020415EMciD,,,,,7.41,,LinA,2015-02-27,BPB425_-20,DNA4,,,,,,no,
NIH_Leech_Microbiome,EnvInteract,Ba2d2F020615EMai,Ba2d2F020615EMa,,,Ba2d2F020615EMaiD,,,,,3.68,,LinA,2015-02-20,BPB425_-20,DNA4,,,,,,no,
NIH_Leech_Microbiome,EnvInteract,Ba2d2F020615EMbi,Ba2d2F020615EMb,,,Ba2d2F020615EMbiD,,,,,1.91,,LinA,2015-02-25,BPB425_-20,DNA4,,,,,,no,
NIH_Leech_Microbiome,EnvInteract,Ba2d2F020615EMci,Ba2d2F020615EMc,,,Ba2d2F020615EMciD,,,,,1.78,,LinA,2015-02-20,BPB425_-20,DNA4,,,,,,no,
NIH_Leech_Microbiome,EnvInteract,Ba7d2F021115EMai,Ba7d2F021115EMa,,,Ba7d2F021115EMaiD,,,,,0.23800000000000002,,LinA,2015-02-11,BPB425_-20,DNA4,,,,,,no,
NIH_Leech_Microbiome,EnvInteract,Ba7d2F021115EMbi,Ba7d2F021115EMb,,,Ba7d2F021115EMbiD,,,,,0.647,,LinA,2015-02-13,BPB425_-20,DNA4,,,,,,no,
NIH_Leech_Microbiome,EnvInteract,Ba7d2F021115EMci,Ba7d2F021115EMc,,,Ba7d2F021115EMciD,,,,,0.68,,LinA,2015-02-11,BPB425_-20,DNA4,,,,,,no,
NIH_Leech_Microbiome,HVI,0A071112EMacR,0A071112EMa,,,,,,,,,,,,TLS505_-80,RNA,,,,,,no,
NIH_Leech_Microbiome,HVI,0A071112EMaiR,0A071112EMa,,,,,,,,,,,,TLS505_-80,RNA,,,,,,no,
NIH_Leech_Microbiome,HVI,0A071112EMbcR,0A071112EMb,,,,,,,,,,,,TLS505_-80,RNA,,,,,,no,
NIH_Leech_Microbiome,HVI,0B071112EMacR,0B071112EMa,,,,,,,,,,,,TLS505_-80,RNA,,,,,,no,
NIH_Leech_Microbiome,HVI,0B071112EMbcR,0B071112EMb,,,,,,,,,,,,TLS505_-80,RNA,,,,,,no,
NIH_Leech_Microbiome,HVI,0B071112EMc,0B071112EMc,,,,,,,,,,,,TLS505_-80,RNA,,,,,,no,
NIH_Leech_Microbiome,HVI,2dA071312EMcR,2dA071312EM,,,,,,,,,,,,TLS505_-80,RNA,,,,,,no,
NIH_Leech_Microbiome,HVI,2dA071312EMiR,2dA071312EM,,,,,,,,,,,,TLS505_-80,RNA,,,,,,no,
NIH_Leech_Microbiome,HVI,2dA071312EMmR,2dA071312EM,,,,,,,,,,,,TLS505_-80,RNA,,,,,,no,
NIH_Leech_Microbiome,HVI,2dA071312EMnR,2dA071312EM,,,,,,,,,,,,TLS505_-80,RNA,,,,,,no,
NIH_Leech_Microbiome,HVI,B2dA071312EMacR,B2dA071312EMa,,,,,,,,,,,,TLS505_-80,RNA,,,,,,no,
NIH_Leech_Microbiome,HVI,B2dA071312EMbcR,B2dA071312EMb,,,,,,,,,,,,TLS505_-80,RNA,,,,,,no,
NIH_Leech_Microbiome,HVI,B2dA071312EMccR,B2dA071312EMc,,,,,,,,,,,,TLS505_-80,RNA,,,,,,no,
NIH_Leech_Microbiome,HVI,B2dB071312EMacR,B2dB071312EMa,,,,,,,,,,,,TLS505_-80,RNA,,,,,,no,
NIH_Leech_Microbiome,HVI,B2dB071312EMbcR,B2dB071312EMb,,,,,,,,,,,,TLS505_-80,RNA,,,,,,no,
NIH_Leech_Microbiome,HVI,B2dB071312EMccR,B2dB071312EMc,,,,,,,,,,,,TLS505_-80,RNA,,,,,,no,
NIH_Leech_Microbiome,HVI,B4dA071512EMacR,B4dA071512EMa,,,,,,,,,,,,TLS505_-80,RNA,,,,,,no,
NIH_Leech_Microbiome,HVI,B4dA071512EMbcR,B4dA071512EMb,,,,,,,,,,,,TLS505_-80,RNA,,,,,,no,
NIH_Leech_Microbiome,HVI,B4dB071512EMacR,B4dB071512EMa,,,,,,,,,,,,TLS505_-80,RNA,,,,,,no,
NIH_Leech_Microbiome,HVI,B4dB071512EMbcR,B4dB071512EMb,,,,,,,,,,,,TLS505_-80,RNA,,,,,,no,
NIH_Leech_Microbiome,Food,Bf4dA042713EMacR,Bf4dA042713EMa,,,,,,,,,,,,TLS505_-80,RNA,PGTX,112512EM,,,,no,
NIH_Leech_Microbiome,Food,Bf4dB042713EMacR,Bf4dB042713EMa,,,,,,,,,,,,TLS505_-80,RNA,PGTX,112512EM,,,,no,
NIH_Leech_Microbiome,Food,Bf4dA043013EMacR,Bf4dA043013EMa,,,,,,,,,,,,TLS505_-80,RNA,,,,,,no,
NIH_Leech_Microbiome,Food,Bf4dB043013EMacR,Bf4dB043013EMa,,,,,,,,,,,,,,,,,,,no,
NIH_Leech_Microbiome,Food,Bf4dC043013EMacR,Bf4dC043013EMa,,,,,,,,,,,,TLS505_-80,RNA,,,,,,no,
NIH_Leech_Microbiome,Food,Bf4dA061013EMacR,Bf4dA061013EMa,,,,,,,,,,,,TLS505_-80,RNA,,,,,,no,
NIH_Leech_Microbiome,Food,Bf4dB061013EMacR,Bf4dB061013EMa,,,,,,,,,,,,TLS505_-80,RNA,,,,,,no,
NIH_Leech_Microbiome,Food,Bf4dC061013EMacR,Bf4dC061013EMa,,,,,,,,,,,,TLS505_-80,RNA,,,,,,no,
NIH_Leech_Microbiome,Food,Bi4dA042713EMacR,Bi4dA042713EMa,,,,,,,,,,,,TLS505_-80,RNA,PGTX,112512EM,,,,no,
NIH_Leech_Microbiome,Food,Bi4dB042713EMacR,Bi4dB042713EMa,,,,,,,,,,,,TLS505_-80,RNA,,,,,,no,
NIH_Leech_Microbiome,Food,Bi4dA043013EMacR,Bi4dA043013EMa,,,,,,,,,,,,TLS505_-80,RNA,,,,,,no,
NIH_Leech_Microbiome,Food,Bi4dB043013EMacR,Bi4dB043013EMa,,,,,,,,,,,,TLS505_-80,RNA,,,,,,no,
NIH_Leech_Microbiome,Food,Bi4dC043013EMacR,Bi4dC043013EMa,,,,,,,,,,,,TLS505_-80,RNA,,,,,,no,
NIH_Leech_Microbiome,Food,Bi4dA061013EMacR,Bi4dA061013EMa,,,,,,,,,,,,TLS505_-80,RNA,,,,,,no,
NIH_Leech_Microbiome,Food,Bi4dB061013EMacR,Bi4dB061013EMa,,,,,,,,,,,,TLS505_-80,RNA,,,,,,no,
NIH_Leech_Microbiome,Food,0dB042313EMbcR,0dB042313EMb,,,,,,,,,,,,TLS505_-80,RNA,PGTX,112512EM,,,,no,
NIH_Leech_Microbiome,Food,B0dA042313EMacR,B0dA042313EMa,,,,,,,,,,,,TLS505_-80,RNA,PGTX,112512EM,,,,no,
NIH_Leech_Microbiome,Food,B0dB042313EMacR,B0dB042313EMa,,,,,,,,,,,,TLS505_-80,RNA,PGTX,112512EM,,,,no,
NIH_Leech_Microbiome,Food,0dA060613EMacR,0dA060613EMa,,,,,,,,,,,,TLS505_-80,RNA,,,,,,no,
NIH_Leech_Microbiome,Food,0dB060613EMacR,0dB060613EMa,,,,,,,,,,,,TLS505_-80,RNA,,,,,,no,
NIH_Leech_Microbiome,Food,0dC060613EMacR,0dC060613EMa,,,,,,,,,,,,TLS505_-80,RNA,,,,,,no,
NIH_Leech_Microbiome,Food,0dA060713EMacR,0dA060713EMa,,,,,,,,,,,,TLS505_-80,RNA,,,,,,no,
NIH_Leech_Microbiome,Food,0dB060713EMacR,0dB060713EMa,,,,,,,,,,,,TLS505_-80,RNA,,,,,,no,
NIH_Leech_Microbiome,Adult,A0dF100813EMai,A0dF100813EMa,,,A0dF100813EMaiD,,,,,7.8,,McClureE,2013-10-11,BPB425_-20,DNA3,EMbeat ,061313JB092913,,,,no,
NIH_Leech_Microbiome,Adult,A0dF100813EMbi,A0dF100813EMb,,,A0dF100813EMbiD,,,,,6.36,,McClureE,2013-10-11,BPB425_-20,DNA3,EMbeat ,061313JB092913,,,,no,
NIH_Leech_Microbiome,Adult,A1dF100913EMi,A1dF100913EM,,,A1dF100913EMiD,,,,,1.31,,McClureE,2013-10-14,BPB425_-20,DNA3,EMbeat ,061313JB092913,,,,no,
NIH_Leech_Microbiome,Adult,A2dF101013EMi,A2dF101013EM,,,A2dF101013EMiD,,,,,5.44,,McClureE,2013-10-11,BPB425_-20,DNA3,EMbeat ,061313JB092913,,,,no,
NIH_Leech_Microbiome,Adult,A4dF101213EMi,A4dF101213EM,,,A4dF101213EMiD,,,,,9.36,,McClureE,2013-10-14,OUT,OUT,EMbeat ,061313JB092913,,,,yes,
NIH_Leech_Microbiome,Adult,A7dF101513EMi,A7dF101513EM,,,A7dF101513EMiD,,,,,3.94,,McClureE,2013-11-03,BPB425_-20,DNA3,EMbeat ,061313JB092913,,,,no,
NIH_Leech_Microbiome,Adult,A28dF110513EMai,A28dF110513EMa,,,A28dF110513EMaiD,,,,,12.4,,McClureE,2013-11-07,BPB425_-20,DNA3,EMbeat ,061313JB092913,,,,no,DNA=12.8ng/µL=2013_1107
NIH_Leech_Microbiome,Adult,A28dF110513EMbi,A28dF110513EMb,,,A28dF110513EMbiD,,,,,23.6,,McClureE,2013-11-07,BPB425_-20,DNA3,EMbeat ,061313JB092913,,,,no,DNA=37.5ng/µL=2013_1107
NIH_Leech_Microbiome,Deposit,A081714EMag,A081714EMa,,,A081714EMagD,,,,,11.3,,LinA,2014-09-11,TLS_-80,D29,,,,,,no,
NIH_Leech_Microbiome,Deposit,A081714EMai,A081714EMa,,,A081714EMaiD,,,,,16.1,,LinA,2014-09-09,TLS_-80,D29,,,,,,no,
NIH_Leech_Microbiome,Deposit,A081714EMaos,A081714EMa,,,A081714EMaosD,,,,,6.21,,LinA,2014-09-11,TLS_-80,D29,,,,,,no,
NIH_Leech_Microbiome,Deposit,A081714EMbg,A081714EMb,,,A081714EMbgD,,,,,11.7,,LinA,2014-09-11,TLS_-80,D29,,,,,,no,
NIH_Leech_Microbiome,Deposit,A081714EMbi,A081714EMb,,,A081714EMbiD,,,,,14.8,,LinA,2014-09-16,TLS_-80,D29,,,,,,no,
NIH_Leech_Microbiome,Deposit,A081714EMbos,A081714EMb,,,A081714EMbosD,,,,,11.2,,LinA,2014-09-11,TLS_-80,D29,,,,,,no,
NIH_Leech_Microbiome,Deposit,A081714EMcg,A081714EMc,,,A081714EMcgD,,,,,3.08,,LinA,2014-09-11,TLS_-80,D29,,,,,,no,
NIH_Leech_Microbiome,Deposit,A081714EMci,A081714EMc,,,A081714EMciD,,,,,14.8,,LinA,2014-09-09,TLS_-80,D29,,,,,,no,
NIH_Leech_Microbiome,Deposit,A081714EMcos,A081714EMc,,,A081714EMcosD,,,,,10.2,,LinA,2014-09-11,TLS_-80,D29,,,,,,no,
NIH_Leech_Microbiome,Deposit,A081714EMdg,A081714EMd,,,A081714EMdgD,,,,,0.05,,LinA,2014-09-11,TLS_-80,D29,,,,,,no,
NIH_Leech_Microbiome,Deposit,A081714EMdi,A081714EMd,,,A081714EMdiD,,,,,18.0,,LinA,2014-09-11,TLS_-80,D29,,,,,,no,
NIH_Leech_Microbiome,Deposit,A081714EMdos,A081714EMd,,,A081714EMdosD,,,,,7.31,,LinA,2014-09-11,TLS_-80,D29,,,,,,no,
NIH_Leech_Microbiome,Deposit,A081714EMeg,A081714EMe,,,A081714EMegD,,,,,6.25,,LinA,2014-09-11,TLS_-80,D29,,,,,,no,
NIH_Leech_Microbiome,Deposit,A081714EMei,A081714EMe,,,A081714EMeiD,,,,,22.5,,LinA,2014-09-09,TLS_-80,D29,,,,,,no,
NIH_Leech_Microbiome,Deposit,A081714EMeos,A081714EMe,,,A081714EMeosD,,,,,7.45,,LinA,2014-09-11,TLS_-80,D29,,,,,,no,
NIH_Leech_Microbiome,Deposit,A081714EMfg,A081714EMf,,,A081714EMfgD,,,,,9.07,,LinA,2014-09-11,TLS_-80,D29,,,,,,no,
NIH_Leech_Microbiome,Deposit,A081714EMfos,A081714EMf,,,A081714EMfosD,,,,,10.6,,LinA,2014-09-11,TLS_-80,D29,,,,,,no,
NIH_Leech_Microbiome,Deposit,A081814EMgg,A081814EMg,,,A081814EMggD,,,,,11.4,,McClureE,2014-09-14,TLS_-80,D29,EMbeat ,,,,,no,
NIH_Leech_Microbiome,Deposit,A081814EMgi,A081814EMg,,,A081814EMgiD,,,,,20.0,,McClureE,2014-09-14,TLS_-80,D29,EMbeat ,,,,,no,
NIH_Leech_Microbiome,Deposit,A081814EMgos,A081814EMg,,,A081814EMgosD,,,,,10.2,,McClureE,2014-09-14,TLS_-80,D29,EMbeat ,,,,,no,
NIH_Leech_Microbiome,Deposit,A081814EMhg,A081814EMh,,,A081814EMhgD,,,,,10.3,,McClureE,2014-09-14,TLS_-80,D29,EMbeat ,,,,,no,
NIH_Leech_Microbiome,Deposit,A081814EMhi,A081814EMh,,,A081814EMhiD,,,,,17.7,,McClureE,2014-09-14,TLS_-80,D29,EMbeat ,,,,,no,
NIH_Leech_Microbiome,Deposit,A081814EMhos,A081814EMh,,,A081814EMhosD,,,,,11.1,,McClureE,2014-09-14,TLS_-80,D29,EMbeat ,,,,,no,
NIH_Leech_Microbiome,Deposit,A081814EMig,A081814EMi,,,A081814EMigD,,,,,12.1,,McClureE,2014-09-14,TLS_-80,D29,EMbeat ,,,,,no,
NIH_Leech_Microbiome,Deposit,A081814EMii,A081814EMi,,,A081814EMiiD,,,,,24.0,,McClureE,2014-09-14,TLS_-80,D29,EMbeat ,,,,,no,
NIH_Leech_Microbiome,Deposit,A081814EMios,A081814EMi,,,A081814EMiosD,,,,,12.8,,McClureE,2014-09-14,TLS_-80,D29,EMbeat ,,,,,no,
NIH_Leech_Microbiome,,A0dF091814EMai,A0dF091814EMa,,,A0dF091814EMaiD,,,,,,,LinA,2014-10-07,BPB425_-20,DNA4,,,,,,no,
NIH_Leech_Microbiome,,A0dF091814EMbi,A0dF091814EMb,,,A0dF091814EMbiD,,,,,,,LinA,2014-09-25,BPB425_-20,DNA4,,,,,,no,
NIH_Leech_Microbiome,,A0dF091814EMci,A0dF091814EMc,,,A0dF091814EMciD,,,,,,,LinA,2014-10-09,BPB425_-20,DNA4,,,,,,no,
NIH_Leech_Microbiome,Deposit,A013017EMai,A013017EMa,,,A013017EMaiD,,,,,6.09,,McClureE,2017-06-11,BPB425_-20,DNAtemp,EMbeat ,121214EM122116,,,,no,
NIH_Leech_Microbiome,Deposit,A042117JGai,A042117JGa,,,A042117JGaiD,,,,,6.05,,McClureE,2017-06-11,BPB425_-20,DNAtemp,EMbeat ,121214EM122116,,,,no,
NIH_Leech_Microbiome,Deposit,A042117JGbb,A042117JGb,,,A042117JGbbD,,,,,2.12,,McClureE,2017-11-04,BPB425_-20,DNAtemp,EMbeat ,121214EM102617,,,,no,
NIH_Leech_Microbiome,Deposit,A042117JGci,A042117JGc,,,A042117JGciD,,,,,2.85,,McClureE,2017-11-04,BPB425_-20,DNAtemp,EMbeat ,121214EM102617,,,,no,
NIH_Leech_Microbiome,Deposit,A042117JGdb,A042117JGd,,,A042117JGdbD,,,,,0.14,,McClureE,2017-08-15,OUT,OUT,EMbeat ,121214EM061717,,,,yes,
NIH_Leech_Microbiome,Deposit,A042117JGdi,A042117JGd,,,A042117JGdiD,,,,,2.86,,McClureE,2017-11-04,BPB425_-20,DNAtemp,EMbeat ,121214EM102617,,,,no,
NIH_Leech_Microbiome,Deposit,A042317EMei,A042317EMe,,,A042317EMeiD,,,,,2.54,,McClureE,2017-11-04,BPB425_-20,DNAtemp,EMbeat ,121214EM102617,,,,no,
NIH_Leech_Microbiome,Deposit,A042317EMeu,A042317EMe,,,A042317EMeuD,,,,,5.65,,McClureE,2017-11-04,BPB425_-20,DNAtemp,EMbeat ,121214EM102617,,,,no,
NIH_Leech_Microbiome,Deposit,A042317EMfb,A042317EMf,,,A042317EMfbD,,,,,0.0,,McClureE,2017-11-03,OUT,OUT,EMbeat ,121214EM102617,,,,yes,
NIH_Leech_Microbiome,Deposit,A042317EMfi,A042317EMf,,,A042317EMfiD,,,,,2.02,,McClureE,2017-11-04,BPB425_-20,DNAtemp,EMbeat ,121214EM102617,,,,no,
NIH_Leech_Microbiome,Deposit,A042317EMfu,A042317EMf,,,A042317EMfuD,,,,,3.25,,McClureE,2017-11-03,BPB425_-20,DNAtemp,EMbeat ,121214EM102617,,,,no,
NIH_Leech_Microbiome,Deposit,A042317EMgb,A042317EMg,,,A042317EMgbD,,,,,0.228,,McClureE,2017-08-16,OUT,OUT,EMbeat ,121214EM061717,,,,yes,
NIH_Leech_Microbiome,Deposit,A042317EMgi,A042317EMg,,,A042317EMgiD,,,,,4.09,,McClureE,2017-11-04,BPB425_-20,DNAtemp,EMbeat ,121214EM102617,,,,no,
NIH_Leech_Microbiome,Deposit,A042317EMgu,A042317EMg,,,A042317EMguD,,,,,2.47,,McClureE,2017-11-04,BPB425_-20,DNAtemp,EMbeat ,121214EM102617,,,,no,
NIH_Leech_Microbiome,Deposit,A042317EMhb,A042317EMh,,,A042317EMhbD,,,,,0.0,,McClureE,2017-11-04,OUT,OUT,EMbeat ,121214EM102617,,,,yes,
NIH_Leech_Microbiome,Deposit,A042317EMhi,A042317EMh,,,A042317EMhiD,,,,,3.51,,McClureE,2017-11-03,BPB425_-20,DNAtemp,EMbeat ,121214EM102617,,,,no,
NIH_Leech_Microbiome,Deposit,A042317EMhu,A042317EMh,,,A042317EMhuD,,,,,3.26,,McClureE,2017-11-03,BPB425_-20,DNAtemp,EMbeat ,121214EM102617,,,,no,
NIH_Leech_Microbiome,Deposit,A042317EMib,A042317EMi,,,A042317EMibD,,,,,0.805,,McClureE,2018-02-01,BPB425_-20,DNAtemp,EMbeat ,121214EM061717,,,,no,
NIH_Leech_Microbiome,Deposit,A042317EMii,A042317EMi,,,A042317EMiiD,,,,,2.86,,McClureE,2017-10-27,BPB425_-20,DNAtemp,EMbeat ,121214EM102617,,,,no,
NIH_Leech_Microbiome,Deposit,A042317EMiu,A042317EMi,,,A042317EMiuD,,,,,3.24,,McClureE,2017-10-27,BPB425_-20,DNAtemp,EMbeat ,121214EM102617,,,,no,
NIH_Leech_Microbiome,Deposit,A042317EMjb,A042317EMj,,,A042317EMjbD,,,,,1.27,,McClureE,2017-06-12,BPB425_-20,DNAtemp,EMbeat ,121214EM122116,,,,no,
NIH_Leech_Microbiome,Deposit,A042317EMji,A042317EMj,,,A042317EMjiD,,,,,1.27,,McClureE,2017-06-18,BPB425_-20,DNAtemp,EMbeat ,121214EM061717,,,,no,
NIH_Leech_Microbiome,Deposit,A042317EMju,A042317EMj,,,A042317EMjuD,,,,,5.86,,McClureE,2017-08-15,BPB425_-20,DNAtemp,EMbeat ,121214EM061717,,,,no,
NIH_Leech_Microbiome,Deposit,A042317EMkb,A042317EMk,,,A042317EMkbD,,,,,2.41,,McClureE,2017-06-16,BPB425_-20,DNAtemp,EMbeat ,121214EM122116,,,,no,
NIH_Leech_Microbiome,Deposit,A042317EMki,A042317EMk,,,A042317EMkiD,,,,,1.84,,McClureE,2017-06-18,BPB425_-20,DNAtemp,EMbeat ,121214EM061717,,,,no,
NIH_Leech_Microbiome,Deposit,A043017EMlb,A043017EMl,,,A043017EMlbD,,,,,1.0,,McClureE,2017-06-18,BPB425_-20,DNAtemp,EMbeat ,121214EM061717,,,,no,
NIH_Leech_Microbiome,Deposit,A043017EMli,A043017EMl,,,A043017EMliD,,,,,4.2,,McClureE,2017-06-13,BPB425_-20,DNAtemp,EMbeat ,121214EM122116,,,,no,
NIH_Leech_Microbiome,Deposit,A043017EMmb,A043017EMm,,,A043017EMmbD,,,,,0.0,,McClureE,2017-11-04,OUT,OUT,EMbeat ,121214EM102617,,,,yes,
NIH_Leech_Microbiome,Deposit,A043017EMmi,A043017EMm,,,A043017EMmiD,,,,,1.54,,McClureE,2017-06-18,BPB425_-20,DNAtemp,EMbeat ,121214EM061717,,,,no,
NIH_Leech_Microbiome,Deposit,A043017EMmu,A043017EMm,,,A043017EMmuD,,,,,4.67,,McClureE,2017-10-27,BPB425_-20,DNAtemp,EMbeat ,121214EM102617,,,,no,
NIH_Leech_Microbiome,Deposit,A043017EMnb,A043017EMn,,,A043017EMnbD,,,,,0.201,,McClureE,2017-08-16,OUT,OUT,EMbeat ,121214EM061717,,,,yes,
NIH_Leech_Microbiome,Deposit,A050217EMob,A050217EMo,,,A050217EMobD,,,,,0.0,,McClureE,2017-11-04,OUT,OUT,EMbeat ,121214EM102617,,,,yes,
NIH_Leech_Microbiome,Deposit,A050217EMpi,A050217EMp,,,A050217EMpiD,,,,,3.33,,McClureE,2017-06-14,BPB425_-20,DNAtemp,EMbeat ,121214EM122116,,,,no,
NIH_Leech_Microbiome,Deposit,A050217EMpo,A050217EMp,,,A050217EMpoD,,,,,1.99,,McClureE,2017-08-15,BPB425_-20,DNAtemp,EMbeat ,121214EM061717,,,,no,
NIH_Leech_Microbiome,Deposit,A050217EMpu,A050217EMp,,,A050217EMpuD,,,,,1.75,,McClureE,2017-11-04,BPB425_-20,DNAtemp,EMbeat ,121214EM102617,,,,no,
NIH_Leech_Microbiome,Deposit,A050217EMri,A050217EMr,,,A050217EMriD,,,,,3.17,,McClureE,2017-06-17,BPB425_-20,DNAtemp,EMbeat ,121214EM061717,,,,no,
NIH_Leech_Microbiome,Deposit,A050217EMru,A050217EMr,,,A050217EMruD,,,,,7.91,,McClureE,2017-08-16,BPB425_-20,DNAtemp,EMbeat ,121214EM061717,,,,no,
NIH_Leech_Microbiome,Adult,A42hF050317EMai,A42hF050317EMa,,,A42hF050317EMaiD,,,,,3.77,,McClureE,2018-02-01,BPB425_-20,DNAtemp,EMbeat ,121214EM061717,,,,no,
NIH_Leech_Microbiome,Adult,A42hF050317EMbb,A42hF050317EMb,,,A42hF050317EMbbD,,,,,1.39,,McClureE,2017-06-18,BPB425_-20,DNAtemp,EMbeat ,121214EM061717,,,,no,
NIH_Leech_Microbiome,Adult,A42hF050317EMbi,A42hF050317EMb,,,A42hF050317EMbiD,,,,,3.31,,McClureE,2018-02-01,BPB425_-20,DNAtemp,EMbeat ,121214EM061717,,,,no,
NIH_Leech_Microbiome,Adult,A42hF050317EMci,A42hF050317EMc,,,A42hF050317EMciD,,,,,3.51,,McClureE,2018-02-01,BPB425_-20,DNAtemp,EMbeat ,121214EM061717,,,,no,
NIH_Leech_Microbiome,Deposit,A050817EMsb,A050817EMs,,,A050817EMsbD,,,,,0.0,,McClureE,2017-11-04,OUT,OUT,EMbeat ,121214EM102617,,,,yes,
NIH_Leech_Microbiome,Deposit,A050817EMsu,A050817EMs,,,A050817EMsuD,,,,,3.42,,McClureE,2017-08-15,BPB425_-20,DNAtemp,EMbeat ,121214EM061717,,,,no,
NIH_Leech_Microbiome,Adult,A7dF051717EMab,A7dF051717EMa,,,A7dF051717EMabD,,,,,0.0,,McClureE,2017-11-04,OUT,OUT,EMbeat ,121214EM102617,,,,yes,
NIH_Leech_Microbiome,Food,Hb4dA043013EMacR,Hb4dA043013EMa,,,,,,,,,,,,TLS505_-80,RNA,,,,,,no,
NIH_Leech_Microbiome,Food,Hb4dB043013EMacR,Hb4dB043013EMa,,,,,,,,,,,,TLS505_-80,RNA,,,,,,no,
NIH_Leech_Microbiome,Food,Hb4dC043013EMacR,Hb4dC043013EMa,,,,,,,,,,,,TLS505_-80,RNA,,,,,,no,
NIH_Leech_Microbiome,Food,H4dA061013EMacR,H4dA061013EMa,,,,,,,,,,,,TLS505_-80,RNA,,,,,,no,
NIH_Leech_Microbiome,Food,H4dB061013EMacR,H4dB061013EMa,,,,,,,,,,,,TLS505_-80,RNA,,,,,,no,
NIH_Leech_Microbiome,HVI,ILF_3,ILF_3,,,,,,,,,,,,,,,,,,,no,
NIH_Leech_Microbiome,EnvInteract,MAa2dF110314EMai,MAa2dF110314EMa,,,MAa2dF110314EMaiD,,,,,0.905,,LinA,2015-01-30,BPB425_-20,DNA6,,,,,,no,
NIH_Leech_Microbiome,EnvInteract,MAa2dF110314EMbu,MAa2dF110314EMb,,,MAa2dF110314EMbuD,,,,,1.31,,LinA,2014-11-18,BPB425_-20,DNA6,,,,,,no,
NIH_Leech_Microbiome,EnvInteract,MAa2dF110314EMci,MAa2dF110314EMc,,,MAa2dF110314EMciD,,,,,1.12,,LinA,2015-02-23,BPB425_-20,DNA6,,,,,,no,
NIH_Leech_Microbiome,EnvInteract,MAa2dF110314EMcu,MAa2dF110314EMc,,,MAa2dF110314EMcuD,,,,,1.34,,McClureE,2017-11-03,OUT,OUT,EMbeat ,121214EM102617,,,,yes,
NIH_Leech_Microbiome,EnvInteract,MAa4dF110514EMai,MAa4dF110514EMa,,,MAa4dF110514EMaiD,,,,,0.077,,LinA,2015-0323,BPB425_-20,DNA6,,,,,,no,
NIH_Leech_Microbiome,EnvInteract,MAa4dF110514EMau,MAa4dF110514EMa,,,MAa4dF110514EMauD,,,,,2.29,,McClureE,2017-11-04,BPB425_-20,DNA6,EMbeat ,121214EM102617,,,,no,
NIH_Leech_Microbiome,EnvInteract,MAa4dF110514EMbi,MAa4dF110514EMb,,,MAa4dF110514EMbiD,,,,,2.49,,LinA,2015-0323,BPB425_-20,DNA6,,,,,,no,
NIH_Leech_Microbiome,EnvInteract,MAa4dF110514EMbu,MAa4dF110514EMb,,,MAa4dF110514EMbuD,,,,,7.04,,LinA,2014-11-18,BPB425_-20,DNA6,,,,,,no,
NIH_Leech_Microbiome,EnvInteract,MAa4dF110514EMci,MAa4dF110514EMc,,,MAa4dF110514EMciD,,,,,0.534,,LinA,2015-01-30,OUT,OUT,,,,,,yes,Macrobdella
NIH_Leech_Microbiome,EnvInteract,MAa4dF110514EMcu,MAa4dF110514EMc,,,MAa4dF110514EMcuD,,,,,4.18,,McClureE,2017-11-03,BPB425_-20,DNA6,EMbeat ,121214EM102617,,,,no,
NIH_Leech_Microbiome,EnvInteract,MAa0dF110814EMai,MAa0dF110814EMa,,,MAa0dF110814EMaiD,,,,,4.05,,LinA,2015-03-25,BPB425_-20,DNA6,,,,,,no,
NIH_Leech_Microbiome,EnvInteract,MAa0dF110814EMau,MAa0dF110814EMa,,,MAa0dF110814EMauD,,,,,2.0,,McClureE,2017-11-04,BPB425_-20,DNA6,EMbeat ,121214EM102617,,,,no,
NIH_Leech_Microbiome,EnvInteract,MAa0dF110814EMbi,MAa0dF110814EMb,,,MAa0dF110814EMbiD,,,,,2.23,,LinA,2015-03-25,BPB425_-20,DNA6,,,,,,no,
NIH_Leech_Microbiome,EnvInteract,MAa0dF110814EMbu,MAa0dF110814EMb,,,MAa0dF110814EMbuD,,,,,3.99,,McClureE,2017-11-04,BPB425_-20,DNA6,EMbeat ,121214EM102617,,,,no,
NIH_Leech_Microbiome,EnvInteract,MAa0dF110814EMci,MAa0dF110814EMc,,,MAa0dF110814EMciD,,,,,1.81,,LinA,2015-04-08,BPB425_-20,DNA6,,,,,,no,"[Extract] remeasured 4/22/15, Graf2014EM01, p.29"
NIH_Leech_Microbiome,EnvInteract,MAa0dF110814EMcu,MAa0dF110814EMc,,,MAa0dF110814EMcuD,,,,,3.36,,McClureE,2017-11-03,BPB425_-20,DNA6,EMbeat ,121214EM102617,,,,no,
NIH_Leech_Microbiome,EnvInteract,MAa7dF110814EMai,MAa7dF110814EMa,,,MAa7dF110814EMaiD,,,,,12.6,,LinA,2015-04-27,BPB425_-20,DNA6,,,,,,no,
NIH_Leech_Microbiome,EnvInteract,MAa7dF110814EMau,MAa7dF110814EMa,,,MAa7dF110814EMauD,,,,,3.44,,McClureE,2017-11-03,BPB425_-20,DNA6,EMbeat ,121214EM102617,,,,no,
NIH_Leech_Microbiome,EnvInteract,MAa7dF110814EMbi,MAa7dF110814EMb,,,MAa7dF110814EMbiD,,,,,6.25,,LinA,2015-04-27,BPB425_-20,DNA6,,,,,,no,
NIH_Leech_Microbiome,EnvInteract,MAa7dF110814EMbu,MAa7dF110814EMb,,,MAa7dF110814EMbuD,,,,,2.39,,McClureE,2017-11-04,BPB425_-20,DNA6,EMbeat ,121214EM102617,,,,no,
NIH_Leech_Microbiome,EnvInteract,MAa7dF110814EMci,MAa7dF110814EMc,,,MAa7dF110814EMciD,,,,,7.11,,LinA,2015-04-27,BPB425_-20,DNA6,,,,,,no,
NIH_Leech_Microbiome,EnvInteract,MAa7dF110814EMcu,MAa7dF110814EMc,,,MAa7dF110814EMcuD,,,,,3.77,,McClureE,2017-11-03,BPB425_-20,DNA6,EMbeat ,121214EM102617,,,,no,
NIH_Leech_Microbiome,WildCollect,Ma5wF082117EMab,Ma5wF082117EMa,,,Ma5wF082117EMabD,,,,,2.74,,McClureE,2017-11-03,BPB425_-20,DNAtemp,EMbeat ,121214EM102617,,,,no,
NIH_Leech_Microbiome,WildCollect,Ma5wF082117EMai,Ma5wF082117EMa,,,Ma5wF082117EMaiD,,,,,4.49,,McClureE,2017-11-03,BPB425_-20,DNAtemp,EMbeat ,121214EM102617,,,,no,
NIH_Leech_Microbiome,WildCollect,Ma5wF082117EMbb,Ma5wF082117EMb,,,Ma5wF082117EMbbD,,,,,0.0,,McClureE,2017-11-03,OUT,OUT,EMbeat ,121214EM102617,,,,yes,
NIH_Leech_Microbiome,WildCollect,Ma5wF082117EMbi,Ma5wF082117EMb,,,Ma5wF082117EMbiD,,,,,2.68,,McClureE,2017-11-04,BPB425_-20,DNAtemp,EMbeat ,121214EM102617,,,,no,
NIH_Leech_Microbiome,WildCollect,Ma5wF082117EMbo,Ma5wF082117EMb,,,Ma5wF082117EMboD,,,,,1.95,,McClureE,2017-11-04,BPB425_-20,DNAtemp,EMbeat ,121214EM102617,,,,no,
NIH_Leech_Microbiome,WildCollect,Ma5wF082117EMbu,Ma5wF082117EMb,,,Ma5wF082117EMbuD,,,,,2.68,,McClureE,2017-11-04,BPB425_-20,DNAtemp,EMbeat ,121214EM102617,,,,no,
NIH_Leech_Microbiome,WildCollect,Ma5wF082117EMcb,Ma5wF082117EMc,,,Ma5wF082117EMcbD,,,,,0.10300000000000001,,McClureE,2017-11-03,OUT,OUT,EMbeat ,121214EM102617,,,,yes,
NIH_Leech_Microbiome,WildCollect,Ma5wF082117EMci,Ma5wF082117EMc,,,Ma5wF082117EMciD,,,,,2.65,,McClureE,2017-11-03,BPB425_-20,DNAtemp,EMbeat ,121214EM102617,,,,no,
NIH_Leech_Microbiome,WildCollect,Ma5wF082117EMco,Ma5wF082117EMc,,,Ma5wF082117EMcoD,,,,,1.3,,McClureE,2017-11-03,BPB425_-20,DNAtemp,EMbeat ,121214EM102617,,,,no,
NIH_Leech_Microbiome,WildCollect,Ma5wF082117EMcu,Ma5wF082117EMc,,,Ma5wF082117EMcuD,,,,,16.3,,McClureE,2017-11-03,BPB425_-20,DNAtemp,EMbeat ,121214EM102617,,,,no,
NIH_Leech_Microbiome,WildCollect,Ma071817EMab,Ma071817EMa,,,Ma071817EMabD,,,,,0.0,,McClureE,2017-08-15,OUT,OUT,EMbeat ,121214EM061717,,,,yes,
NIH_Leech_Microbiome,WildCollect,Ma071817EMai,Ma071817EMa,,,Ma071817EMaiD,,,,,6.91,,McClureE,2017-10-26,BPB425_-20,DNA6,EMbeat ,121214EM102617,,,,no,
NIH_Leech_Microbiome,WildCollect,Ma071817EMau,Ma071817EMa,,,Ma071817EMauD,,,,,2.25,,McClureE,2017-10-27,BPB425_-20,DNA6,EMbeat ,121214EM102617,,,,no,
NIH_Leech_Microbiome,WildCollect,Ma071817EMbb,Ma071817EMb,,,Ma071817EMbbD,,,,,0.0,,McClureE,2017-11-03,OUT,OUT,EMbeat ,121214EM102617,,,,yes,
NIH_Leech_Microbiome,WildCollect,Ma071817EMbi,Ma071817EMb,,,Ma071817EMbiD,,,,,0.59,,McClureE,2017-08-15,OUT,OUT,EMbeat ,121214EM061717,,,,yes,
NIH_Leech_Microbiome,WildCollect,Ma071817EMbu,Ma071817EMb,,,Ma071817EMbuD,,,,,3.62,,McClureE,2017-08-15,BPB425_-20,DNA6,EMbeat ,121214EM061717,,,,no,
NIH_Leech_Microbiome,WildCollect,Ma071817EMcb,Ma071817EMc,,,Ma071817EMcbD,,,,,0.0,,McClureE,2017-11-03,OUT,OUT,EMbeat ,121214EM102617,,,,yes,
NIH_Leech_Microbiome,WildCollect,Ma071817EMci,Ma071817EMc,,,Ma071817EMciD,,,,,6.37,,McClureE,2017-08-15,BPB425_-20,DNA6,EMbeat ,121214EM061717,,,,no,
NIH_Leech_Microbiome,WildCollect,Ma071817EMcu,Ma071817EMc,,,Ma071817EMcuD,,,,,5.73,,McClureE,2017-10-26,BPB425_-20,DNA6,EMbeat ,121214EM102617,,,,no,
NIH_Leech_Microbiome,WildCollect,Ma061817EMab,Ma061817EMa,,,Ma061817EMabD,,,,,0.726,,McClureE,2017-10-26,OUT,OUT,EMbeat ,121214EM102617,,,,yes,
NIH_Leech_Microbiome,WildCollect,Ma061817EMai,Ma061817EMa,,,Ma061817EMaiD,,,,,10.4,,McClureE,2017-10-26,BPB425_-20,DNA6,EMbeat ,121214EM102617,,,,no,
NIH_Leech_Microbiome,WildCollect,Ma061817EMbb,Ma061817EMb,,,Ma061817EMbbD,,,,,0.503,,McClureE,2017-11-03,OUT,OUT,EMbeat ,121214EM102617,,,,yes,
NIH_Leech_Microbiome,WildCollect,Ma061817EMbi,Ma061817EMb,,,Ma061817EMbiD,,,,,3.1,,McClureE,2017-11-03,BPB425_-20,DNA6,EMbeat ,121214EM102617,,,,no,
NIH_Leech_Microbiome,WildCollect,Ma061817EMcb,Ma061817EMc,,,Ma061817EMcbD,,,,,0.245,,McClureE,2017-11-03,OUT,OUT,EMbeat ,121214EM102617,,,,yes,
NIH_Leech_Microbiome,WildCollect,Ma061817EMci,Ma061817EMc,,,Ma061817EMciD,,,,,1.96,,McClureE,2017-11-03,BPB425_-20,DNA6,EMbeat ,121214EM102617,,,,no,
NIH_Leech_Microbiome,Food,P4dA061013EMacR,P4dA061013EMa,,,,,,,,,,,,TLS505_-80,RNA,,,,,,no,
NIH_Leech_Microbiome,Food,P4dB061013EMacR,P4dB061013EMa,,,,,,,,,,,,TLS505_-80,RNA,,,,,,no,
NIH_Leech_Microbiome,Food,P4dC061013EMacR,P4dC061013EMa,,,,,,,,,,,,TLS505_-80,RNA,,,,,,no,
NIH_Leech_Microbiome,PureCulture,SaA7dF051717EMau,SaA7dF051717EMa,,,SaA7dF051717EMauD,,,,,2.44,,McClureE,2017-10-27,BPB425_-20,DNAtemp,EMbeat ,121214EM102617,,,,no,
NIH_Leech_Microbiome,EnvInteract,SAa1dF100913EMai,SAa1dF100913EMa,,,SAa1dF100913EMaiD,,,,,5.24,,McClureE,2013-10-14,BPB425_-20,DNA3,EMbeat ,061313JB092913,,,,no,
NIH_Leech_Microbiome,EnvInteract,SAa1dF100913EMbi,SAa1dF100913EMb,,,SAa1dF100913EMbiD,,,,,3.98,,McClureE,2013-10-14,BPB425_-20,DNA3,EMbeat ,061313JB092913,,,,no,DNA=4.18ng/µL=2013_1018
NIH_Leech_Microbiome,EnvInteract,SAa1dF100913EMci,SAa1dF100913EMc,,,SAa1dF100913EMciD,,,,,2.88,,McClureE,2013-10-14,BPB425_-20,DNA3,EMbeat ,061313JB092913,,,,no,DNA=3ng/µL=2013_1018
NIH_Leech_Microbiome,EnvInteract,SAa2dF101013EMai,SAa2dF101013EMa,,,SAa2dF101013EMaiD,,,,,3.3,,McClureE,2013-10-14,BPB425_-20,DNA3,EMbeat ,061313JB092913,,,,no,
NIH_Leech_Microbiome,EnvInteract,SAa2dF101013EMbi,SAa2dF101013EMb,,,SAa2dF101013EMbiD,,,,,3.34,,McClureE,2013-10-14,BPB425_-20,DNA3,EMbeat ,061313JB092913,,,,no,DNA=3.51ng/µL=2013_1018
NIH_Leech_Microbiome,EnvInteract,SAa2dF101013EMci,SAa2dF101013EMc,,,SAa2dF101013EMciD,,,,,5.8,,McClureE,2013-10-14,BPB425_-20,DNA3,EMbeat ,061313JB092913,,,,no,
NIH_Leech_Microbiome,EnvInteract,SAa4dF101213EMai,SAa4dF101213EMa,,,SAa4dF101213EMaiD,,,,,6.0,,McClureE,2013-10-14,BPB425_-20,DNA3,EMbeat ,061313JB092913,,,,no,
NIH_Leech_Microbiome,EnvInteract,SAa4dF101213EMbi,SAa4dF101213EMb,,,SAa4dF101213EMbiD,,,,,9.6,,McClureE,2013-10-14,BPB425_-20,DNA3,EMbeat ,061313JB092913,,,,no,
NIH_Leech_Microbiome,EnvInteract,SAa4dF101213EMci,SAa4dF101213EMc,,,SAa4dF101213EMciD,,,,,5.4,,McClureE,2013-10-14,BPB425_-20,DNA3,EMbeat ,061313JB092913,,,,no,
NIH_Leech_Microbiome,Food,S0dA120812EMcR,S0dA120812EM,,,,,,,,,,,,TLS505_-80,RNA,,,,,,no,
NIH_Leech_Microbiome,Food,S0dA120812EMiR,S0dA120812EM,,,,,,,,,,,,TLS505_-80,RNA,,,,,,no,
NIH_Leech_Microbiome,Food,S0dA120812EMtR,S0dA120812EM,,,,,,,,,,,,TLS505_-80,RNA,,,,,,no,
NIH_Leech_Microbiome,Food,S0dB120812EMcR,S0dB120812EM,,,,,,,,,,,,TLS505_-80,RNA,,,,,,no,
NIH_Leech_Microbiome,Food,S0dB120812EMiR,S0dB120812EM,,,,,,,,,,,,TLS505_-80,RNA,,,,,,no,
NIH_Leech_Microbiome,Food,S0dB120812EMtR,S0dB120812EM,,,,,,,,,,,,TLS505_-80,RNA,,,,,,no,
NIH_Leech_Microbiome,Food,S0dC120812EMcR,S0dC120812EM,,,,,,,,,,,,TLS505_-80,RNA,,,,,,no,
NIH_Leech_Microbiome,Food,S0dC120812EMiR,S0dC120812EM,,,,,,,,,,,,TLS505_-80,RNA,,,,,,no,
NIH_Leech_Microbiome,Food,S0dC120812EMtR,S0dC120812EM,,,,,,,,,,,,TLS505_-80,RNA,,,,,,no,
NIH_Leech_Microbiome,Food,S12hA120812EMcR,S12hA120812EM,,,,,,,,,,,,TLS505_-80,RNA,,,,,,no,
NIH_Leech_Microbiome,Food,S12hA120812EMtR,S12hA120812EM,,,,,,,,,,,,TLS505_-80,RNA,,,,,,no,
NIH_Leech_Microbiome,Food,S12hB120812EMcR,S12hB120812EM,,,,,,,,,,,,TLS505_-80,RNA,,,,,,no,
NIH_Leech_Microbiome,Food,S12hB120812EMtR,S12hB120812EM,,,,,,,,,,,,TLS505_-80,RNA,,,,,,no,
NIH_Leech_Microbiome,Food,S12hC120812EMcR,S12hC120812EM,,,,,,,,,,,,TLS505_-80,RNA,,,,,,no,
NIH_Leech_Microbiome,Food,S12hC120812EMtR,S12hC120812EM,,,,,,,,,,,,TLS505_-80,RNA,,,,,,no,
NIH_Leech_Microbiome,Food,S24hA120912EMcR,S24hA120912EM,,,,,,,,,,,,TLS505_-80,RNA,,,,,,no,
NIH_Leech_Microbiome,Food,S24hB120912EMcR,S24hB120912EM,,,,,,,,,,,,TLS505_-80,RNA,,,,,,no,
NIH_Leech_Microbiome,Food,S24hC120912EMcR,S24hC120912EM,,,,,,,,,,,,TLS505_-80,RNA,,,,,,no,
NIH_Leech_Microbiome,Food,S48hA121012EMcR,S48hA121012EM,,,,,,,,,,,,TLS505_-80,RNA,,,,,,no,
NIH_Leech_Microbiome,Food,S48hB121012EMcR,S48hB121012EM,,,,,,,,,,,,TLS505_-80,RNA,,,,,,no,
NIH_Leech_Microbiome,Food,S48hC121012EMcR,S48hC121012EM,,,,,,,,,,,,TLS505_-80,RNA,,,,,,no,
NIH_Leech_Microbiome,Food,S96hA121212EMcR,S96hA121212EM,,,,,,,,,,,,TLS505_-80,RNA,,,,,,no,
NIH_Leech_Microbiome,Food,S96hB121212EMcR,S96hB121212EM,,,,,,,,,,,,TLS505_-80,RNA,,,,,,no,
NIH_Leech_Microbiome,Food,S96hC121212EMcR,S96hC121212EM,,,,,,,,,,,,TLS505_-80,RNA,,,,,,no,
NIH_Leech_Microbiome,Food,B031113EMac1R,B031113EMa,,,,,,,,,,,,TLS505_-80,RNA,PGTX,112512EM,,,,no,
NIH_Leech_Microbiome,Food,B031113EMac2R,B031113EMa,,,,,,,,,,,,TLS505_-80,RNA,PGTX,112512EM,,,,no,
NIH_Leech_Microbiome,Food,B031113EMacR,B031113EMa,,,,,,,,,,,,TLS505_-80,RNA,PGTX,112512EM,,,,no,
NIH_Leech_Microbiome,Food,B031113EMbc1R,B031113EMb,,,,,,,,,,,,TLS505_-80,RNA,PGTX,112512EM,,,,no,
NIH_Leech_Microbiome,Food,B031113EMccR,B031113EMc,,,,,,,,,,,,TLS505_-80,RNA,,,,,,no,
NIH_Leech_Microbiome,Food,Hb031113EMac1R,Hb031113EMa,,,,,,,,,,,,TLS505_-80,RNA,PGTX,112512EM,,,,no,
NIH_Leech_Microbiome,Food,Hb031113EMac2R,Hb031113EMa,,,,,,,,,,,,TLS505_-80,RNA,PGTX,112512EM,,,,no,
NIH_Leech_Microbiome,Food,Hb031113EMb1cR,Hb031113EMb1,,,,,,,,,,,,TLS505_-80,RNA,PGTX,112512EM,,,,no,
NIH_Leech_Microbiome,Food,Hs031113EMac1R,Hs031113EMa,,,,,,,,,,,,TLS505_-80,RNA,,,,,,no,
NIH_Leech_Microbiome,Food,Hs031113EMac2R,Hs031113EMa,,,,,,,,,,,,TLS505_-80,RNA,PGTX,112512EM,,,,no,
NIH_Leech_Microbiome,Food,Hs031113EMb1cR,Hs031113EMb1,,,,,,,,,,,,TLS505_-80,RNA,PGTX,112512EM,,,,no,
NIH_Leech_Microbiome,Food,Hs031113EMccR,Hs031113EMc,,,,,,,,,,,,TLS505_-80,RNA,PGTX,112512EM,,,,no,
NIH_Leech_Microbiome,Food,S031113EMa1cR,S031113EMa1,,,,,,,,,,,,TLS505_-80,RNA,PGTX,112512EM,,,,no,
NIH_Leech_Microbiome,Food,S031113EMa2cR,S031113EMa2,,,,,,,,,,,,TLS505_-80,RNA,PGTX,112512EM,,,,no,
NIH_Leech_Microbiome,Food,S031113EMb1cR,S031113EMb1,,,,,,,,,,,,TLS505_-80,RNA,PGTX,112512EM,,,,no,
NIH_Leech_Microbiome,Food,S031113EMccR,S031113EMc,,,,,,,,,,,,TLS505_-80,RNA,PGTX,112512EM,,,,no,
NIH_Leech_Microbiome,Food,0dA042613EMbcR,0dA042613EMb,,,,,,,,,,,,TLS505_-80,RNA,PGTX,112512EM,,,,no,
NIH_Leech_Microbiome,Food,0dB042613EMbcR,0dB042613EMb,,,,,,,,,,,,TLS505_-80,RNA,PGTX,112512EM,,,,no,
NIH_Leech_Microbiome,Food,S4dA043013EMacR,S4dA043013EMa,,,,,,,,,,,,,,,,,,,no,
NIH_Leech_Microbiome,Food,S4dB043013EMacR,S4dB043013EMa,,,,,,,,,,,,TLS505_-80,RNA,,,,,,no,
NIH_Leech_Microbiome,Food,S4dC043013EMacR,S4dC043013EMa,,,,,,,,,,,,TLS505_-80,RNA,,,,,,no,
NIH_Leech_Microbiome,Food,S4dA061013EMacR,S4dA061013EMa,,,,,,,,,,,,TLS505_-80,RNA,,,,,,no,
NIH_Leech_Microbiome,Food,S4dA061113EMacR,S4dA061113EMa,,,,,,,,,,,,TLS505_-80,RNA,,,,,,no,
NIH_Leech_Microbiome,Food,S4dB061113EMacR,S4dB061113EMa,,,,,,,,,,,,TLS505_-80,RNA,,,,,,no,
NIH_Leech_Microbiome,WildCollect,LMa071817EMai,LMa071817EMa,,,LMa071817EMaiD,,,,,3.9,,McClureE,2017-08-16,BPB425_-20,DNAtemp,EMbeat ,121214EM061717,,,,no,
NIH_Leech_Microbiome,WildCollect,LMa071817EMbi,LMa071817EMb,,,LMa071817EMbiD,,,,,3.5,,McClureE,2017-08-16,BPB425_-20,DNAtemp,EMbeat ,121214EM061717,,,,no,
NIH_Leech_Microbiome,WildCollect,LMa071817EMcu,LMa071817EMc,,,LMa071817EMcuD,,,,,2.15,,McClureE,2017-10-27,BPB425_-20,DNAtemp,EMbeat ,121214EM102617,,,,no,
NIH_Leech_Microbiome,EnvInteract,FAa1dF100913EMai,FAa1dF100913EMa,,,FAa1dF100913EMaiD,,,,,3.68,,McClureE,2013-10-14,BPB425_-20,DNA3,EMbeat ,061313JB092913,,,,no,DNA=3.72ng/µL=2013_1018
NIH_Leech_Microbiome,EnvInteract,FAa1dF100913EMbi,FAa1dF100913EMb,,,FAa1dF100913EMbiD,,,,,10.3,,McClureE,2013-10-14,BPB425_-20,DNA3,EMbeat ,061313JB092913,,,,no,DNA=10.1ng/µL=2013_1103
NIH_Leech_Microbiome,EnvInteract,FAa1dF100913EMci,FAa1dF100913EMc,,,FAa1dF100913EMciD,,,,,6.6,,McClureE,2013-10-14,BPB425_-20,DNA3,EMbeat ,061313JB092913,,,,no,
NIH_Leech_Microbiome,EnvInteract,FAa2dF101013EMai,FAa2dF101013EMa,,,FAa2dF101013EMaiD,,,,,2.55,,McClureE,2013-10-14,BPB425_-20,DNA3,EMbeat ,061313JB092913,,,,no,
NIH_Leech_Microbiome,EnvInteract,FAa2dF101013EMbi,FAa2dF101013EMb,,,FAa2dF101013EMbiD,,,,,4.24,,McClureE,2013-10-14,BPB425_-20,DNA3,EMbeat ,061313JB092913,,,,no,
NIH_Leech_Microbiome,EnvInteract,FAa2dF101013EMci,FAa2dF101013EMc,,,FAa2dF101013EMciD,,,,,6.44,,McClureE,2013-10-14,BPB425_-20,DNA3,EMbeat ,061313JB092913,,,,no,
NIH_Leech_Microbiome,EnvInteract,FAa4dF101213EMbi,FAa4dF101213EMb,,,FAa4dF101213EMbiD,,,,,4.44,,McClureE,2013-10-11,BPB425_-20,DNA3,EMbeat ,061313JB092913,,,,no,
NIH_Leech_Microbiome,EnvInteract,FAa4dF101213EMci,FAa4dF101213EMc,,,FAa4dF101213EMciD,,,,,5.64,,McClureE,2013-10-11,BPB425_-20,DNA3,EMbeat ,061313JB092913,,,,no,
NIH_Leech_Microbiome,EnvInteract,UAa2dF110314EMai,UAa2dF110314EMa,,,UAa2dF110314EMaiD,,,,,5.51,,LinA,2014-11-06,BPB425_-20,DNA7,,,,,,no,
NIH_Leech_Microbiome,EnvInteract,UAa2dF110314EMbi,UAa2dF110314EMb,,,UAa2dF110314EMbiD,,,,,26.5,,LinA,2014-11-18,BPB425_-20,DNA7,,,,,,no,
NIH_Leech_Microbiome,EnvInteract,UAa2dF110314EMci,UAa2dF110314EMc,,,UAa2dF110314EMciD,,,,,22.3,,LinA,2014-11-18,BPB425_-20,DNA7,,,,,,no,
NIH_Leech_Microbiome,EnvInteract,UAa4dF110514EMai,UAa4dF110514EMa,,,UAa4dF110514EMaiD,,,,,9.66,,LinA,2015-04-24,BPB425_-20,DNA7,,,,,,no,
NIH_Leech_Microbiome,EnvInteract,UAa4dF110514EMau,UAa4dF110514EMa,,,UAa4dF110514EMauD,,,,,2.45,,LinA,2014-11-11,TLS_-80,D29,,,,,,no,
NIH_Leech_Microbiome,EnvInteract,UAa4dF110514EMbi,UAa4dF110514EMb,,,UAa4dF110514EMbiD,,,,,11.2,,LinA,2014-11-11,BPB425_-20,DNA7,,,,,,no,
NIH_Leech_Microbiome,EnvInteract,UAa4dF110514EMcu,UAa4dF110514EMc,,,UAa4dF110514EMcuD,,,,,12.4,,LinA,2014-11-18,TLS_-80,D29,,,,,,no,
NIH_Leech_Microbiome,EnvInteract,UAa7dF110814EMai,UAa7dF110814EMa,,,UAa7dF110814EMaiD,,,,,25.0,,LinA,2015-04-24,BPB425_-20,DNA7,,,,,,no,
NIH_Leech_Microbiome,EnvInteract,UAa7dF110814EMbi,UAa7dF110814EMb,,,UAa7dF110814EMbiD,,,,,44.8,,LinA,2015-04-24,BPB425_-20,DNA7,,,,,,no,
NIH_Leech_Microbiome,EnvInteract,UAa7dF110814EMci,UAa7dF110814EMc,,,UAa7dF110814EMciD,,,,,11.7,,LinA,2015-04-24,BPB425_-20,DNA7,,,,,,no,
NIH_Leech_Microbiome,EnvInteract,FAa2d2F022115EMai,FAa2d2F022115EMa,,,FAa2d2F022115EMaiD,,,,,1.38,,LinA,2015-02-23,BPB425_-20,DNA5,,,,,,no,
NIH_Leech_Microbiome,EnvInteract,FAa2d2F022115EMbi,FAa2d2F022115EMb,,,FAa2d2F022115EMbiD,,,,,1.14,,LinA,2015-02-23,BPB425_-20,DNA5,,,,,,no,
NIH_Leech_Microbiome,EnvInteract,FAa2d2F022115EMci,FAa2d2F022115EMc,,,FAa2d2F022115EMciD,,,,,0.755,,LinA,2015-02-23,BPB425_-20,DNA5,,,,,,no,
NIH_Leech_Microbiome,EnvInteract,UAa2d2F022115EMai,UAa2d2F022115EMa,,,UAa2d2F022115EMaiD,,,,,1.36,,LinA,2015-02-23,BPB425_-20,DNA7,,,,,,no,
NIH_Leech_Microbiome,EnvInteract,UAa2d2F022115EMbi,UAa2d2F022115EMb,,,UAa2d2F022115EMbiD,,,,,9.81,,LinA,2014-04-24,BPB425_-20,DNA7,,,,,,no,
NIH_Leech_Microbiome,EnvInteract,UAa2d2F022115EMci,UAa2d2F022115EMc,,,UAa2d2F022115EMciD,,,,,1.15,,LinA,2015-02-25,BPB425_-20,DNA7,,,,,,no,
NIH_Leech_Microbiome,EnvInteract,FAa7d2F022715EMai,FAa7d2F022715EMa,,,FAa7d2F022715EMaiD,,,,,23.4,,LinA,2015-04-08,BPB425_-20,DNA5,,,,,,no,
NIH_Leech_Microbiome,EnvInteract,FAa7d2F022715EMbi,FAa7d2F022715EMb,,,FAa7d2F022715EMbiD,,,,,6.14,,LinA,2015-04-03,BPB425_-20,DNA5,,,,,,no,
NIH_Leech_Microbiome,EnvInteract,UAa7d2F022715EMai,UAa7d2F022715EMa,,,UAa7d2F022715EMaiD,,,,,37.9,,LinA,2015-04-03,BPB425_-20,DNA7,,,,,,no,
NIH_Leech_Microbiome,EnvInteract,UAa7d2F022715EMbi,UAa7d2F022715EMb,,,UAa7d2F022715EMbiD,,,,,24.3,,LinA,2015-04-01,BPB425_-20,DNA7,,,,,,no,
NIH_Leech_Microbiome,EnvInteract,UAa7d2F022715EMci,UAa7d2F022715EMc,,,UAa7d2F022715EMciD,,,,,48.1,,LinA,2015-04-01,BPB425_-20,DNA7,,,,,,no,
NIH_Leech_Microbiome,EnvInteract,FAa0d2F031115EMai,FAa0d2F031115EMa,,,FAa0d2F031115EMaiD,,,,,,,,,BPB425_-20,DNA5,,,,,,no,
NIH_Leech_Microbiome,EnvInteract,FAa0d2F031115EMbi,FAa0d2F031115EMb,,,FAa0d2F031115EMbiD,,,,,,,,,BPB425_-20,DNA5,,,,,,no,
NIH_Leech_Microbiome,EnvInteract,FAa0d2F031115EMci,FAa0d2F031115EMc,,,FAa0d2F031115EMciD,,,,,,,,,BPB425_-20,DNA5,,,,,,no,
NIH_Leech_Microbiome,EnvInteract,UAa0d2F031115EMai,UAa0d2F031115EMa,,,UAa0d2F031115EMaiD,,,,,18.0,,LinA,2015-04-03,BPB425_-20,DNA7,,,,,,no,
NIH_Leech_Microbiome,EnvInteract,UAa0d2F031115EMbi,UAa0d2F031115EMb,,,UAa0d2F031115EMbiD,,,,,4.64,,LinA,2015-04-03,BPB425_-20,DNA7,,,,,,no,
NIH_Leech_Microbiome,EnvInteract,UAa0d2F031115EMci,UAa0d2F031115EMc,,,UAa0d2F031115EMciD,,,,,24.7,,LinA,2015-04-03,BPB425_-20,DNA7,,,,,,no,
NIH_Leech_Microbiome,EnvInteract,Ua0dF091814EMau,Ua0dF091814EMa,,,Ua0dF091814EMauD,,,,,0.09699999999999999,,LinA,2014-09-25,TLS_-80,D29,,,,,,no,"A0dF091814EMa.uD, Sample transferred and stored in 198µL Qubit Solution"
NIH_Leech_Microbiome,EnvInteract,Ua0dF091814EMbu,Ua0dF091814EMb,,,Ua0dF091814EMbuD,,,,,0.076,,LinA,2014-10-09,TLS_-80,D29,,,,,,no,A0dF091814EMb.uD
NIH_Leech_Microbiome,EnvInteract,Ua0dF091814EMcu,Ua0dF091814EMc,,,Ua0dF091814EMcuD,,,,,2.43,,LinA,2014-09-25,TLS_-80,D29,,,,,,no,A0dF091814EMc.uD
NIH_Leech_Microbiome,EnvInteract,Ua0dF110614EMai,Ua0dF110614EMa,,,Ua0dF110614EMaiD,,,,,15.7,,LinA,2015-03-30,BPB425_-20,DNA6,,,,,,no,
NIH_Leech_Microbiome,EnvInteract,Ua0dF110614EMbi,Ua0dF110614EMb,,,Ua0dF110614EMbiD,,,,,29.4,,LinA,2015-03-30,BPB425_-20,DNA6,,,,,,no,
NIH_Leech_Microbiome,EnvInteract,Ua0dF110614EMci,Ua0dF110614EMc,,,Ua0dF110614EMciD,,,,,0.8290000000000001,,LinA,2015-03-30,BPB425_-20,DNA6,,,,,,no,
NIH_Leech_Microbiome,EnvInteract,Ua2dF110814EMai,Ua2dF110814EMa,,,Ua2dF110814EMaiD,,,,,4.19,,LinA,2015-04-01,BPB425_-20,DNA6,,,,,,no,
NIH_Leech_Microbiome,EnvInteract,Ua2dF110814EMbi,Ua2dF110814EMb,,,Ua2dF110814EMbiD,,,,,24.2,,LinA,2015-04-03,BPB425_-20,DNA6,,,,,,no,
NIH_Leech_Microbiome,EnvInteract,Ua2dF110814EMci,Ua2dF110814EMc,,,Ua2dF110814EMciD,,,,,10.1,,LinA,2015-04-08,BPB425_-20,DNA6,,,,,,no,
NIH_Leech_Microbiome,EnvInteract,Ua4dF111014EMai,Ua4dF111014EMa,,,Ua4dF111014EMaiD,,,,,16.0,,LinA,2015-03-30,BPB425_-20,DNA6,,,,,,no,
NIH_Leech_Microbiome,EnvInteract,Ua4dF111014EMbi,Ua4dF111014EMb,,,Ua4dF111014EMbiD,,,,,16.4,,LinA,2015-03-30,BPB425_-20,DNA6,,,,,,no,
NIH_Leech_Microbiome,EnvInteract,Ua4dF111014EMci,Ua4dF111014EMc,,,Ua4dF111014EMciD,,,,,2.68,,LinA,2015-04-13,BPB425_-20,DNA6,,,,,,no,
NIH_Leech_Microbiome,EnvInteract,Ua7dF111314EMai,Ua7dF111314EMa,,,Ua7dF111314EMaiD,,,,,14.8,,LinA,2015-04-15,BPB425_-20,DNA6,,,,,,no,
NIH_Leech_Microbiome,EnvInteract,Ua7dF111314EMbi,Ua7dF111314EMb,,,Ua7dF111314EMbiD,,,,,3.69,,LinA,2015-04-13,BPB425_-20,DNA6,,,,,,no,
NIH_Leech_Microbiome,EnvInteract,Ua7dF111314EMci,Ua7dF111314EMc,,,Ua7dF111314EMciD,,,,,19.0,,LinA,2015-04-13,BPB425_-20,DNA6,,,,,,no,
NIH_Leech_Microbiome,EnvInteract,Ua0d2F020415EMai,Ua0d2F020415EMa,,,Ua0d2F020415EMaiD,,,,,2.53,,LinA,2015-02-25,BPB425_-20,DNA6,,,,,,no,
NIH_Leech_Microbiome,EnvInteract,Ua0d2F020415EMbi,Ua0d2F020415EMb,,,Ua0d2F020415EMbiD,,,,,60.0,,LinA,2015-02-27,BPB425_-20,DNA6,,,,,,no,
NIH_Leech_Microbiome,EnvInteract,Ua0d2F020415EMci,Ua0d2F020415EMc,,,Ua0d2F020415EMciD,,,,,57.0,,LinA,2015-02-27,BPB425_-20,DNA6,,,,,,no,
NIH_Leech_Microbiome,EnvInteract,Ua2d2F020615EMai,Ua2d2F020615EMa,,,Ua2d2F020615EMaiD,,,,,21.9,,LinA,2015-03-02,BPB425_-20,DNA6,,,,,,no,
NIH_Leech_Microbiome,EnvInteract,Ua2d2F020615EMbi,Ua2d2F020615EMb,,,Ua2d2F020615EMbiD,,,,,16.6,,LinA,2015-02-27,BPB425_-20,DNA6,,,,,,no,
NIH_Leech_Microbiome,EnvInteract,Ua2d2F020615EMci,Ua2d2F020615EMc,,,Ua2d2F020615EMciD,,,,,0.499,,LinA,2015-02-20,BPB425_-20,DNA6,,,,,,no,
NIH_Leech_Microbiome,EnvInteract,Ua7d2F021115EMai,Ua7d2F021115EMa,,,Ua7d2F021115EMaiD,,,,,0.8170000000000001,,LinA,2015-02-13,BPB425_-20,DNA6,,,,,,no,
NIH_Leech_Microbiome,EnvInteract,Ua7d2F021115EMbi,Ua7d2F021115EMb,,,Ua7d2F021115EMbiD,,,,,5.75,,LinA,2015-02-13,BPB425_-20,DNA6,,,,,,no,
NIH_Leech_Microbiome,EnvInteract,Ua7d2F021115EMci,Ua7d2F021115EMc,,,Ua7d2F021115EMciD,,,,,1.52,,LinA,2015-02-13,BPB425_-20,DNA6,,,,,,no,
NIH_Leech_Microbiome,Hatch,FAa7dH092114EMai,FAa7dH092114EMa,,,FAa7dH092114EMaiD,,,,,2.41,,LinA,2014-09-25,BPB425_-20,DNA5,,,,,,no,
NIH_Leech_Microbiome,Hatch,FAa7dH092114EMau,FAa7dH092114EMa,,,FAa7dH092114EMauD,,,,,2.15,,LinA,2014-10-07,TLS_-80,D29,,,,,,no,
NIH_Leech_Microbiome,Hatch,FAa7dH092114EMbi,FAa7dH092114EMb,,,FAa7dH092114EMbiD,,,,,0.807,,LinA,2014-10-07,BPB425_-20,DNA5,,,,,,no,
NIH_Leech_Microbiome,Hatch,FAa7dH092114EMbu,FAa7dH092114EMb,,,FAa7dH092114EMbuD,,,,,2.33,,LinA,2014-10-09,TLS_-80,D29,,,,,,no,
NIH_Leech_Microbiome,Hatch,FAa7dH092114EMci,FAa7dH092114EMc,,,FAa7dH092114EMciD,,,,,0.258,,LinA,2015-02-13,BPB425_-20,DNA5,,,,,,no,
NIH_Leech_Microbiome,Hatch,FAa7dH092114EMcu,FAa7dH092114EMc,,,FAa7dH092114EMcuD,,,,,2.84,,LinA,2014-09-25,TLS_-80,D29,,,,,,no,
