Project_Name,Subproject,Source_ID,Sample_ID,Sample_Name,Sample_Plate,Sample_Well,Date_Prepared,i7_Index_ID,Index,i5_Index_ID,Index2,Nucleic_Acids_ID,Illumina_Sample_ID,Gene_Name,Amplicon_Size,Library_Concentration,Run2_ID,Library_Preparer,Run_ID,Run_Status,Taq_Name,Taq_Lot,Description,Notes
NIH_Leech_Microbiome,PureCulture,A081314EMa,A081314EMav,A081314EMa.vD1,Single,Single,2014-09-14,,none,806rcbc1,AATCAGTCTCGT,A081314EMavD,A081314EMa-vD1,16Sv4,287.0,Unk,,McClureE,140922_M00704_0023_000000000-AAN0E,Complete,Phusion,151309.0,,"Isolated on p.14, 2014_0904"
NIH_Leech_Microbiome,PureCulture,A081314EMb,A081314EMbv,A081314EMb.vD3,Single,Single,2014-09-14,,none,806rcbc3,ACACCTGGTGAT,A081314EMbvD,A081314EMb-vD3,16Sv4,287.0,Unk,,McClureE,140922_M00704_0023_000000000-AAN0E,Complete,Phusion,151309.0,,"Isolated on p.14, 2014_0904"
NIH_Leech_Microbiome,PureCulture,A081314EMc,A081314EMcv,A081314EMc.vD4,Single,Single,2014-09-14,,none,806rcbc4,TATCGTTGACCA,A081314EMcvD,A081314EMc-vD4,16Sv4,287.0,Unk,,McClureE,140922_M00704_0023_000000000-AAN0E,Complete,Phusion,151309.0,,"Isolated on p.14, 2014_0904"
NIH_Leech_Microbiome,PureCulture,A081314EMc,A081314EMcv,A081314EMc.vD5,Single,Single,2014-09-14,,none,806rcbc5,TTACTGTGCGAT,A081314EMcvD,A081314EMc-vD5,16Sv4,287.0,,,McClureE,140922_M00704_0023_000000000-AAN0E,Complete,Phusion,151309.0,,"Isolated on p.14, 2014_0904"
NIH_Leech_Microbiome,PureCulture,A081314EMd,A081314EMdv,A081314EMd.vD6,Single,Single,2014-09-14,,none,806rcbc6,AGGCTACACGAC,A081314EMdvD,A081314EMd-vD6,16Sv4,287.0,Unk,,McClureE,140922_M00704_0023_000000000-AAN0E,Complete,Phusion,151309.0,,"Isolated on p.14, 2014_0904"
NIH_Leech_Microbiome,EnvInteract,BAa2dF110414EMa,BAa2dF110414EMai,BAa2dF110414EMa.iD21,Single,Single,2015-04-10,,none,806rcbc21,GCTGATGAGCTG,BAa2dF110414EMaiD,BAa2dF110414EMa-iD21,16Sv4,287.0,1.11,,McClureE,,,Phusion,181405.0,,"[Extract] remeasured 4/22/15, Graf2014EM01, p.29"
NIH_Leech_Microbiome,EnvInteract,BAa2dF110414EMa,BAa2dF110414EMai,BAa2dF110414EMa.iD97,Single,Single,2015-04-20,,none,806rcbc97,TGTTATCGCACA,BAa2dF110414EMaiD,BAa2dF110414EMa-iD97,16Sv4,287.0,1.11,,McClureE,150505_M00704_0036_000000000-AF8HF,Complete,Phusion,181405.0,,"[Extract] remeasured 4/22/15, Graf2014EM01, p.29"
NIH_Leech_Microbiome,EnvInteract,BAa2dF110414EMb,BAa2dF110414EMbi,BAa2dF110414EMb.iD251,v4.SDSB,D07,2016-12-22,v4.SB707,ACGTGCGC,v4.SD504,TGCGTCAC,BAa2dF110414EMbiD,BAa2dF110414EMb-iD251,16Sv4,287.0,0.52,,McClureE,161223_M03075_0094_000000000-ARN4N,Complete,Phusion,271607.0,,
NIH_Leech_Microbiome,EnvInteract,BAa2dF110414EMb,BAa2dF110414EMbi,BAa2dF110414EMb.iD78,Single,Single,2015-04-17,,none,806rcbc78,GTCATATCGTAC,BAa2dF110414EMbiD,BAa2dF110414EMb-iD78,16Sv4,287.0,2.54,,McClureE,150505_M00704_0036_000000000-AF8HF,Complete,Phusion,181405.0,,
NIH_Leech_Microbiome,EnvInteract,BAa2dF110414EMc,BAa2dF110414EMci,BAa2dF110414EMc.iD22,Single,Single,2015-04-10,,none,806rcbc22,AGCTGTTGTTTG,BAa2dF110414EMciD,BAa2dF110414EMc-iD22,16Sv4,287.0,1.4,,McClureE,,,Phusion,181405.0,,"[Extract] remeasured 4/22/15, Graf2014EM01, p.29"
NIH_Leech_Microbiome,EnvInteract,BAa2dF110414EMc,BAa2dF110414EMci,BAa2dF110414EMc.iD252,v4.SDSB,E07,2016-12-22,v4.SB707,ACGTGCGC,v4.SD505,GTCTAGTG,BAa2dF110414EMciD,BAa2dF110414EMc-iD252,16Sv4,287.0,0.51,,McClureE,161223_M03075_0094_000000000-ARN4N,Complete,Phusion,271607.0,,"[Extract] remeasured 4/22/15, Graf2014EM01, p.29"
NIH_Leech_Microbiome,EnvInteract,BAa2dF110414EMc,BAa2dF110414EMci,BAa2dF110414EMc.iD98,Single,Single,2015-04-20,,none,806rcbc98,TCGTCGATAATC,BAa2dF110414EMciD,BAa2dF110414EMc-iD98,16Sv4,287.0,1.4,,McClureE,150505_M00704_0036_000000000-AF8HF,Complete,Phusion,181405.0,,"[Extract] remeasured 4/22/15, Graf2014EM01, p.29"
NIH_Leech_Microbiome,EnvInteract,BAa4dF110614EMa,BAa4dF110614EMai,BAa4dF110614EMa.iD23,Single,Single,2015-04-10,,none,806rcbc23,GGATGGTGTTGC,BAa4dF110614EMaiD,BAa4dF110614EMa-iD23,16Sv4,287.0,1.8,,McClureE,,,Phusion,181405.0,,
NIH_Leech_Microbiome,EnvInteract,BAa4dF110614EMb,BAa4dF110614EMbi,BAa4dF110614EMb.iD24,Single,Single,2015-04-10,,none,806rcbc24,GCGATATATCGC,BAa4dF110614EMbiD,BAa4dF110614EMb-iD24,16Sv4,287.0,0.82,,McClureE,,,Phusion,181405.0,,
NIH_Leech_Microbiome,EnvInteract,BAa4dF110614EMc,BAa4dF110614EMci,BAa4dF110614EMc.iD100,Single,Single,2015-04-20,,none,806rcbc100,ACCACATACATC,BAa4dF110614EMciD,BAa4dF110614EMc-iD100,16Sv4,287.0,0.37,,McClureE,150505_M00704_0036_000000000-AF8HF,Complete,Phusion,181405.0,,"[Extract] remeasured 4/22/15, Graf2014EM01, p.29"
NIH_Leech_Microbiome,EnvInteract,BAa4dF110614EMc,BAa4dF110614EMci,BAa4dF110614EMc.iD25,Single,Single,2015-04-10,,none,806rcbc25,TAGGATTGCTCG,BAa4dF110614EMciD,BAa4dF110614EMc-iD25,16Sv4,287.0,0,,McClureE,,,Phusion,181405.0,,"[Extract] remeasured 4/22/15, Graf2014EM01, p.29"
NIH_Leech_Microbiome,EnvInteract,BAa4dF110614EMc,BAa4dF110614EMci,BAa4dF110614EMc.iD253,v4.SDSB,F07,2016-12-22,v4.SB707,ACGTGCGC,v4.SD506,CTAGTATG,BAa4dF110614EMciD,BAa4dF110614EMc-iD253,16Sv4,287.0,0,,McClureE,161223_M03075_0094_000000000-ARN4N,Complete,Phusion,271607.0,,"[Extract] remeasured 4/22/15, Graf2014EM01, p.29"
NIH_Leech_Microbiome,EnvInteract,BAa7dF110914EMa,BAa7dF110914EMai,BAa7dF110914EMa.iD5,Single,Single,2015-04-17,,none,806rcbc5,TTACTGTGCGAT,BAa7dF110914EMaiD,BAa7dF110914EMa-iD5,16Sv4,287.0,3.46,,McClureE,150505_M00704_0036_000000000-AF8HF,Complete,Phusion,181405.0,,
NIH_Leech_Microbiome,EnvInteract,BAa7dF110914EMb,BAa7dF110914EMbi,BAa7dF110914EMb.iD4,Single,Single,2015-04-17,,none,806rcbc4,TATCGTTGACCA,BAa7dF110914EMbiD,BAa7dF110914EMb-iD4,16Sv4,287.0,1.77,,McClureE,150505_M00704_0036_000000000-AF8HF,Complete,Phusion,181405.0,,
NIH_Leech_Microbiome,EnvInteract,BAa7dF110914EMc,BAa7dF110914EMci,BAa7dF110914EMc.iD14,Single,Single,2015-04-17,,none,806rcbc14,TGAGTCACTGGT,BAa7dF110914EMciD,BAa7dF110914EMc-iD14,16Sv4,287.0,0.37,,McClureE,150505_M00704_0036_000000000-AF8HF,Complete,Phusion,181405.0,,
NIH_Leech_Microbiome,EnvInteract,BAa0d2F020415EMa,BAa0d2F020415EMai,BAa0d2F020415EMa.iD88,Single,Single,2015-04-17,,none,806rcbc88,CACGGTTGTGAG,BAa0d2F020415EMaiD,BAa0d2F020415EMa-iD88,16Sv4,287.0,3.21,,McClureE,150505_M00704_0036_000000000-AF8HF,Complete,Phusion,181405.0,,
NIH_Leech_Microbiome,EnvInteract,BAa0d2F020415EMb,BAa0d2F020415EMbi,BAa0d2F020415EMb.iD18,Single,Single,2015-04-10,,none,806rcbc18,CACGCCATAATG,BAa0d2F020415EMbiD,BAa0d2F020415EMb-iD18,16Sv4,287.0,0.4,,McClureE,,,Phusion,181405.0,,
NIH_Leech_Microbiome,EnvInteract,BAa0d2F020415EMc,BAa0d2F020415EMci,BAa0d2F020415EMc.iD39,Single,Single,2015-04-17,,none,806rcbc39,AAGAGATGTCGA,BAa0d2F020415EMciD,BAa0d2F020415EMc-iD39,16Sv4,287.0,2.45,,McClureE,150505_M00704_0036_000000000-AF8HF,Complete,Phusion,181405.0,,
NIH_Leech_Microbiome,EnvInteract,BAa2d2F020615EMa,BAa2d2F020615EMai,BAa2d2F020615EMa.iD74,Single,Single,2015-04-17,,none,806rcbc74,CAAGCATGCCTA,BAa2d2F020615EMaiD,BAa2d2F020615EMa-iD74,16Sv4,287.0,2.62,,McClureE,150505_M00704_0036_000000000-AF8HF,Complete,Phusion,181405.0,,
NIH_Leech_Microbiome,EnvInteract,BAa2d2F020615EMb,BAa2d2F020615EMbi,BAa2d2F020615EMb.iD19,Single,Single,2015-04-10,,none,806rcbc19,CAGGCGTATTGG,BAa2d2F020615EMbiD,BAa2d2F020615EMb-iD19,16Sv4,287.0,1.7,,McClureE,,,Phusion,181405.0,,
NIH_Leech_Microbiome,EnvInteract,BAa2d2F020615EMc,BAa2d2F020615EMci,BAa2d2F020615EMc.iD101,Single,Single,2015-04-20,,none,806rcbc101,AACACAAGGAGT,BAa2d2F020615EMciD,BAa2d2F020615EMc-iD101,16Sv4,287.0,2.05,,McClureE,150505_M00704_0036_000000000-AF8HF,Complete,Phusion,181405.0,,"[Extract] remeasured 4/22/15, Graf2014EM01, p.29"
NIH_Leech_Microbiome,EnvInteract,BAa2d2F020615EMc,BAa2d2F020615EMci,BAa2d2F020615EMc.iD20,Single,Single,2015-04-10,,none,806rcbc20,GGATCGCAGATC,BAa2d2F020615EMciD,BAa2d2F020615EMc-iD20,16Sv4,287.0,2.05,,McClureE,,,Phusion,181405.0,,"[Extract] remeasured 4/22/15, Graf2014EM01, p.29"
NIH_Leech_Microbiome,EnvInteract,BAa7d2F021115EMa,BAa7d2F021115EMai,BAa7d2F021115EMa.iD49,Single,Single,2015-04-17,,none,806rcbc49,TAGGAACTGGCC,BAa7d2F021115EMaiD,BAa7d2F021115EMa-iD49,16Sv4,287.0,1.97,,McClureE,150505_M00704_0036_000000000-AF8HF,Complete,Phusion,181405.0,,
NIH_Leech_Microbiome,EnvInteract,BAa7d2F021115EMb,BAa7d2F021115EMbi,BAa7d2F021115EMb.iD61,Single,Single,2015-04-17,,none,806rcbc61,ATGAGACTCCAC,BAa7d2F021115EMbiD,BAa7d2F021115EMb-iD61,16Sv4,287.0,3.5,,McClureE,150505_M00704_0036_000000000-AF8HF,Complete,Phusion,181405.0,,
NIH_Leech_Microbiome,EnvInteract,BAa7d2F021115EMc,BAa7d2F021115EMci,BAa7d2F021115EMc.iD83,Single,Single,2015-04-17,,none,806rcbc83,CGAGAAGAGAAC,BAa7d2F021115EMciD,BAa7d2F021115EMc-iD83,16Sv4,287.0,3.85,,McClureE,150505_M00704_0036_000000000-AF8HF,Complete,Phusion,181405.0,,
NIH_Leech_Microbiome,EnvInteract,Ba0dF110614EMa,Ba0dF110614EMai,Ba0dF110614EMa.iD148,Single,Single,2015-04-10,,none,806rcbc148,TCAACAGCATCG,Ba0dF110614EMaiD,Ba0dF110614EMa-iD148,16Sv4,287.0,0.64,,McClureE,,,Phusion,181405.0,,
NIH_Leech_Microbiome,EnvInteract,Ba0dF110614EMb,Ba0dF110614EMbi,Ba0dF110614EMb.iD248,v4.SDSB,A07,2016-12-22,v4.SB707,ACGTGCGC,v4.SD501,AAGCAGCA,Ba0dF110614EMbiD,Ba0dF110614EMb-iD248,16Sv4,287.0,0.76,,McClureE,161223_M03075_0094_000000000-ARN4N,Complete,Phusion,271607.0,,
NIH_Leech_Microbiome,EnvInteract,Ba0dF110614EMb,Ba0dF110614EMbi,Ba0dF110614EMb.iD68,Single,Single,2015-04-17,,none,806rcbc68,ATCGATCTGTGG,Ba0dF110614EMbiD,Ba0dF110614EMb-iD68,16Sv4,287.0,0.76,,McClureE,150505_M00704_0036_000000000-AF8HF,Complete,Phusion,181405.0,,
NIH_Leech_Microbiome,EnvInteract,Ba0dF110614EMc,Ba0dF110614EMci,Ba0dF110614EMc.iD11,Single,Single,2015-04-10,,none,806rcbc11,TCCGACACAATT,Ba0dF110614EMciD,Ba0dF110614EMc-iD11,16Sv4,287.0,1.49,,McClureE,,,Phusion,181405.0,,
NIH_Leech_Microbiome,EnvInteract,Ba2dF110814EMa,Ba2dF110814EMai,Ba2dF110814EMa.iD13,Single,Single,2015-04-10,,none,806rcbc13,CCTCGTTCGACT,Ba2dF110814EMaiD,Ba2dF110814EMa-iD13,16Sv4,287.0,0.32,,McClureE,,,Phusion,181405.0,,
NIH_Leech_Microbiome,EnvInteract,Ba2dF110814EMa,Ba2dF110814EMai,Ba2dF110814EMa.iD249,v4.SDSB,B07,2016-12-22,v4.SB707,ACGTGCGC,v4.SD502,ACGCGTGA,Ba2dF110814EMaiD,Ba2dF110814EMa-iD249,16Sv4,287.0,0.13,,McClureE,161223_M03075_0094_000000000-ARN4N,Complete,Phusion,271607.0,,
NIH_Leech_Microbiome,EnvInteract,Ba2dF110814EMb,Ba2dF110814EMbi,Ba2dF110814EMb.iD0,Single,Single,2015-04-20,,none,806rcbc0,GGAGACAAGGGA,Ba2dF110814EMbiD,Ba2dF110814EMb-iD0,16Sv4,287.0,0.47,,McClureE,150505_M00704_0036_000000000-AF8HF,Complete,Phusion,181405.0,,"[Extract] remeasured 4/22/15, Graf2014EM01, p.29"
NIH_Leech_Microbiome,EnvInteract,Ba2dF110814EMb,Ba2dF110814EMbi,Ba2dF110814EMb.iD14,Single,Single,2015-04-10,,none,806rcbc14,TGAGTCACTGGT,Ba2dF110814EMbiD,Ba2dF110814EMb-iD14,16Sv4,287.0,0.47,,McClureE,,,Phusion,181405.0,,"[Extract] remeasured 4/22/15, Graf2014EM01, p.29"
NIH_Leech_Microbiome,EnvInteract,Ba2dF110814EMb,Ba2dF110814EMbi,Ba2dF110814EMb.iD250,v4.SDSB,C07,2016-12-22,v4.SB707,ACGTGCGC,v4.SD503,CGATCTAC,Ba2dF110814EMbiD,Ba2dF110814EMb-iD250,16Sv4,287.0,0.25,,McClureE,161223_M03075_0094_000000000-ARN4N,Complete,Phusion,271607.0,,"[Extract] remeasured 4/22/15, Graf2014EM01, p.29"
NIH_Leech_Microbiome,EnvInteract,Ba2dF110814EMc,Ba2dF110814EMci,Ba2dF110814EMc.iD72,Single,Single,2015-04-17,,none,806rcbc72,GAACTAGTCACC,Ba2dF110814EMciD,Ba2dF110814EMc-iD72,16Sv4,287.0,2.49,,McClureE,150505_M00704_0036_000000000-AF8HF,Complete,Phusion,181405.0,,
NIH_Leech_Microbiome,EnvInteract,Ba4dF111014EMa,Ba4dF111014EMai,Ba4dF111014EMa.iD15,Single,Single,2015-04-10,,none,806rcbc15,GACTTGGTATTC,Ba4dF111014EMaiD,Ba4dF111014EMa-iD15,16Sv4,287.0,3.95,,McClureE,,,Phusion,181405.0,,
NIH_Leech_Microbiome,EnvInteract,Ba4dF111014EMb,Ba4dF111014EMbi,Ba4dF111014EMb.iD16,Single,Single,2015-04-10,,none,806rcbc16,TACACGATCTAC,Ba4dF111014EMbiD,Ba4dF111014EMb-iD16,16Sv4,287.0,1.83,,McClureE,,,Phusion,181405.0,,
NIH_Leech_Microbiome,EnvInteract,Ba4dF111014EMc,Ba4dF111014EMci,Ba4dF111014EMc.iD17,Single,Single,2015-04-10,,none,806rcbc17,GCACACACGTTA,Ba4dF111014EMciD,Ba4dF111014EMc-iD17,16Sv4,287.0,0.65,,McClureE,,,Phusion,181405.0,,
NIH_Leech_Microbiome,EnvInteract,Ba7dF111314EMa,Ba7dF111314EMai,Ba7dF111314EMa.iD84,Single,Single,2015-04-17,,none,806rcbc84,AGGCATCTTACG,Ba7dF111314EMaiD,Ba7dF111314EMa-iD84,16Sv4,287.0,1.68,,McClureE,150505_M00704_0036_000000000-AF8HF,Complete,Phusion,181405.0,,
NIH_Leech_Microbiome,EnvInteract,Ba7dF111314EMb,Ba7dF111314EMbi,Ba7dF111314EMb.iD22,Single,Single,2015-04-17,,none,806rcbc22,AGCTGTTGTTTG,Ba7dF111314EMbiD,Ba7dF111314EMb-iD22,16Sv4,287.0,0.37,,McClureE,150505_M00704_0036_000000000-AF8HF,Complete,Phusion,181405.0,,
NIH_Leech_Microbiome,EnvInteract,Ba7dF111314EMc,Ba7dF111314EMci,Ba7dF111314EMc.iD16,Single,Single,2015-04-17,,none,806rcbc16,TACACGATCTAC,Ba7dF111314EMciD,Ba7dF111314EMc-iD16,16Sv4,287.0,1.49,,McClureE,150505_M00704_0036_000000000-AF8HF,Complete,Phusion,181405.0,,
NIH_Leech_Microbiome,EnvInteract,Ba0d2F020415EMa,Ba0d2F020415EMai,Ba0d2F020415EMa.iD56,Single,Single,2015-04-17,,none,806rcbc56,AGTAGAGGGATG,Ba0d2F020415EMaiD,Ba0d2F020415EMa-iD56,16Sv4,287.0,1.31,,McClureE,150505_M00704_0036_000000000-AF8HF,Complete,Phusion,181405.0,,
NIH_Leech_Microbiome,EnvInteract,Ba0d2F020415EMb,Ba0d2F020415EMbi,Ba0d2F020415EMb.iD8,Single,Single,2015-04-10,,none,806rcbc8,GAACCAAAGGAT,Ba0d2F020415EMbiD,Ba0d2F020415EMb-iD8,16Sv4,287.0,3.09,,McClureE,,,Phusion,181405.0,,
NIH_Leech_Microbiome,EnvInteract,Ba0d2F020415EMc,Ba0d2F020415EMci,Ba0d2F020415EMc.iD9,Single,Single,2015-04-10,,none,806rcbc9,GTATGCGCTGTA,Ba0d2F020415EMciD,Ba0d2F020415EMc-iD9,16Sv4,287.0,0.93,,McClureE,,,Phusion,181405.0,,
NIH_Leech_Microbiome,EnvInteract,Ba2d2F020615EMa,Ba2d2F020615EMai,Ba2d2F020615EMa.iD35,Single,Single,2015-04-17,,none,806rcbc35,TTAGGGCTCGTA,Ba2d2F020615EMaiD,Ba2d2F020615EMa-iD35,16Sv4,287.0,1.18,,McClureE,150505_M00704_0036_000000000-AF8HF,Complete,Phusion,181405.0,,
NIH_Leech_Microbiome,EnvInteract,Ba2d2F020615EMb,Ba2d2F020615EMbi,Ba2d2F020615EMb.iD34,Single,Single,2015-04-17,,none,806rcbc34,CTGCTAACGCAA,Ba2d2F020615EMbiD,Ba2d2F020615EMb-iD34,16Sv4,287.0,0.82,,McClureE,150505_M00704_0036_000000000-AF8HF,Complete,Phusion,181405.0,,
NIH_Leech_Microbiome,EnvInteract,Ba2d2F020615EMc,Ba2d2F020615EMci,Ba2d2F020615EMc.iD12,Single,Single,2015-04-10,,none,806rcbc12,CCAGTGTATGCA,Ba2d2F020615EMciD,Ba2d2F020615EMc-iD12,16Sv4,287.0,0.44,,McClureE,,,Phusion,181405.0,,
NIH_Leech_Microbiome,EnvInteract,Ba7d2F021115EMb,Ba7d2F021115EMbi,Ba7d2F021115EMb.iD82,Single,Single,2015-04-17,,none,806rcbc82,ACTGACAGCCAT,Ba7d2F021115EMbiD,Ba7d2F021115EMb-iD82,16Sv4,287.0,2.89,,McClureE,150505_M00704_0036_000000000-AF8HF,Complete,Phusion,181405.0,,
NIH_Leech_Microbiome,EnvInteract,Ba7d2F021115EMc,Ba7d2F021115EMci,Ba7d2F021115EMc.iD81,Single,Single,2015-04-17,,none,806rcbc81,ACATTCAGCGCA,Ba7d2F021115EMciD,Ba7d2F021115EMc-iD81,16Sv4,287.0,2.25,,McClureE,150505_M00704_0036_000000000-AF8HF,Complete,Phusion,181405.0,,
NIH_Leech_Microbiome,Adult,A0dF100813EMa,A0dF100813EMai,A0dF100813EMa.iD34,Single,Single,2013-10-17,,none,806rcbc34,CTGCTAACGCAA,A0dF100813EMaiD,A0dF100813EMa-iD34,16Sv4,287.0,,,McClureE,140113_M00704_0074_000000000-A62D4,Complete,Phusion,151309.0,,
NIH_Leech_Microbiome,Adult,A0dF100813EMb,A0dF100813EMbi,A0dF100813EMb.iD148,Single,Single,2014-04-12,,none,806rcbc148,TCAACAGCATCG,A0dF100813EMbiD,A0dF100813EMb-iD148,16Sv4,287.0,45,,McClureE,140428_M00704_0080_000000000-A6E26,Complete,Phusion,151309.0,,
NIH_Leech_Microbiome,Adult,A0dF100813EMb,A0dF100813EMbi,A0dF100813EMb.iD21,Single,Single,2014-09-14,,none,806rcbc21,GCTGATGAGCTG,A0dF100813EMbiD,A0dF100813EMb-iD21,16Sv4,287.0,45,,McClureE,140922_M00704_0023_000000000-AAN0E,Complete,Phusion,151309.0,,
NIH_Leech_Microbiome,Adult,A0dF100813EMb,A0dF100813EMbi,A0dF100813EMb.iD35,Single,Single,2013-10-17,,none,806rcbc35,TTAGGGCTCGTA,A0dF100813EMbiD,A0dF100813EMb-iD35,16Sv4,287.0,,,McClureE,140113_M00704_0074_000000000-A62D4,Complete,Phusion,151309.0,,
NIH_Leech_Microbiome,Adult,A1dF100913EM,A1dF100913EMi,A1dF100913EM.iD39,Single,Single,2013-10-17,,none,806rcbc39,AAGAGATGTCGA,A1dF100913EMiD,A1dF100913EM-iD39,16Sv4,287.0,,,McClureE,140113_M00704_0074_000000000-A62D4,Complete,Phusion,151309.0,,
NIH_Leech_Microbiome,Adult,A2dF101013EM,A2dF101013EMi91,A2dF101013EM.iD1.291,v4.SDSB,D12,2016-12-22,v4.SB712,CGTAGCGA,v4.SD504,TGCGTCAC,A2dF101013EMiD,A2dF101013EM-iD291,16Sv4,287.0,3.15,,McClureE,161223_M03075_0094_000000000-ARN4N,Complete,Phusion,271607.0,,
NIH_Leech_Microbiome,Adult,A2dF101013EM,A2dF101013EMi92,A2dF101013EM.iD2.292,v4.SDSB,E12,2016-12-22,v4.SB712,CGTAGCGA,v4.SD505,GTCTAGTG,A2dF101013EMiD,A2dF101013EM-iD292,16Sv4,287.0,1.98,,McClureE,161223_M03075_0094_000000000-ARN4N,Complete,Phusion,271607.0,,
NIH_Leech_Microbiome,Adult,A2dF101013EM,A2dF101013EMi93,A2dF101013EM.iD3.293,v4.SDSB,F12,2016-12-22,v4.SB712,CGTAGCGA,v4.SD506,CTAGTATG,A2dF101013EMiD,A2dF101013EM-iD293,16Sv4,287.0,1.55,,McClureE,161223_M03075_0094_000000000-ARN4N,Complete,Phusion,271607.0,,
NIH_Leech_Microbiome,Adult,A2dF101013EM,A2dF101013EMi94,A2dF101013EM.iD4.294,v4.SDSB,G12,2016-12-22,v4.SB712,CGTAGCGA,v4.SD507,GATAGCGT,A2dF101013EMiD,A2dF101013EM-iD294,16Sv4,287.0,0.26,,McClureE,161223_M03075_0094_000000000-ARN4N,Complete,Phusion,271607.0,,
NIH_Leech_Microbiome,Adult,A2dF101013EM,A2dF101013EMi,A2dF101013EM.iD52,Single,Single,2013-10-17,,none,806rcbc52,ATTCCTGTGAGT,A2dF101013EMiD,A2dF101013EM-iD52,16Sv4,287.0,,,McClureE,140113_M00704_0074_000000000-A62D4,Complete,Phusion,151309.0,,
NIH_Leech_Microbiome,Adult,A4dF101213EM,A4dF101213EMi,A4dF101213EM.iD73,Single,Single,2013-10-17,,none,806rcbc73,GACGGAACCCAT,A4dF101213EMiD,A4dF101213EM-iD73,16Sv4,287.0,,,McClureE,140113_M00704_0074_000000000-A62D4,Complete,Phusion,151309.0,,
NIH_Leech_Microbiome,Adult,A7dF101513EM,A7dF101513EMi,A7dF101513EM.iD104,Single,Single,,,none,806rcbc104,GCTTCGGTAGAT,A7dF101513EMiD,A7dF101513EM-iD104,16Sv4,287.0,,,McClureE,140113_M00704_0074_000000000-A62D4,Complete,Phusion,,,
NIH_Leech_Microbiome,Adult,A28dF110513EMa,A28dF110513EMai,A28dF110513EMa.iD1,Single,Single,2014-04-12,,none,806rcbc1,AATCAGTCTCGT,A28dF110513EMaiD,A28dF110513EMa-iD1,16Sv4,287.0,39.6,,McClureE,140428_M00704_0080_000000000-A6E26,Complete,Phusion,151309.0,,DNA=12.8ng/µL=2013_1107
NIH_Leech_Microbiome,Adult,A28dF110513EMb,A28dF110513EMbi,A28dF110513EMb.iD3,Single,Single,2014-04-12,,none,806rcbc3,ACACCTGGTGAT,A28dF110513EMbiD,A28dF110513EMb-iD3,16Sv4,287.0,44.7,,McClureE,140428_M00704_0080_000000000-A6E26,Complete,Phusion,151309.0,,DNA=37.5ng/µL=2013_1107
NIH_Leech_Microbiome,Deposit,A081714EMa,A081714EMag,A081714EMa.gD11,Single,Single,2014-09-14,,none,806rcbc11,TCCGACACAATT,A081714EMagD,A081714EMa-gD11,16Sv4,287.0,Unk,,McClureE,140922_M00704_0023_000000000-AAN0E,Complete,Phusion,151309.0,,
NIH_Leech_Microbiome,Deposit,A081714EMa,A081714EMai,A081714EMa.iD12,Single,Single,2014-09-14,,none,806rcbc12,CCAGTGTATGCA,A081714EMaiD,A081714EMa-iD12,16Sv4,287.0,Unk,,McClureE,140922_M00704_0023_000000000-AAN0E,Complete,Phusion,151309.0,,
NIH_Leech_Microbiome,Deposit,A081714EMa,A081714EMai,A081714EMa.iD279,v4.SDSB,H10,2016-12-22,v4.SB710,TGCTCGTA,v4.SD508,TCTACACT,A081714EMaiD,A081714EMa-iD279,16Sv4,287.0,3.02,,McClureE,161223_M03075_0094_000000000-ARN4N,Complete,Phusion,271607.0,,
NIH_Leech_Microbiome,Deposit,A081714EMa,A081714EMaos,A081714EMa.osD14,Single,Single,2014-09-14,,none,806rcbc14,TGAGTCACTGGT,A081714EMaosD,A081714EMa-osD14,16Sv4,287.0,Unk,,McClureE,140922_M00704_0023_000000000-AAN0E,Complete,Phusion,151309.0,,
NIH_Leech_Microbiome,Deposit,A081714EMb,A081714EMbg,A081714EMb.gD16,Single,Single,2014-09-14,,none,806rcbc16,TACACGATCTAC,A081714EMbgD,A081714EMb-gD16,16Sv4,287.0,Unk,,McClureE,140922_M00704_0023_000000000-AAN0E,Complete,Phusion,151309.0,,
NIH_Leech_Microbiome,Deposit,A081714EMb,A081714EMbi,A081714EMb.iD280,v4.SDSB,A11,2016-12-22,v4.SB711,AACGCTGA,v4.SD501,AAGCAGCA,A081714EMbiD,A081714EMb-iD280,16Sv4,287.0,5.36,,McClureE,161223_M03075_0094_000000000-ARN4N,Complete,Phusion,271607.0,,
NIH_Leech_Microbiome,Deposit,A081714EMb,A081714EMbos,A081714EMb.osD17,Single,Single,2014-09-14,,none,806rcbc17,GCACACACGTTA,A081714EMbosD,A081714EMb-osD17,16Sv4,287.0,Unk,,McClureE,140922_M00704_0023_000000000-AAN0E,Complete,Phusion,151309.0,,
NIH_Leech_Microbiome,Deposit,A081714EMc,A081714EMcg,A081714EMc.gD83,Single,Single,,,none,806rcbc83,CGAGAAGAGAAC,A081714EMcgD,A081714EMc-gD83,16Sv4,287.0,Unk,,McClureE,140922_M00704_0023_000000000-AAN0E,Complete,Phusion,,,
NIH_Leech_Microbiome,Deposit,A081714EMc,A081714EMci,A081714EMc.iD20,Single,Single,2014-09-14,,none,806rcbc20,GGATCGCAGATC,A081714EMciD,A081714EMc-iD20,16Sv4,287.0,2.42,,McClureE,140922_M00704_0023_000000000-AAN0E,Complete,Phusion,151309.0,,
NIH_Leech_Microbiome,Deposit,A081714EMc,A081714EMci,A081714EMc.iD281,v4.SDSB,B11,2016-12-22,v4.SB711,AACGCTGA,v4.SD502,ACGCGTGA,A081714EMciD,A081714EMc-iD281,16Sv4,287.0,2.42,,McClureE,161223_M03075_0094_000000000-ARN4N,Complete,Phusion,271607.0,,
NIH_Leech_Microbiome,Deposit,A081714EMc,A081714EMcos,A081714EMc.osD84,Single,Single,2014-09-14,,none,806rcbc84,AGGCATCTTACG,A081714EMcosD,A081714EMc-osD84,16Sv4,287.0,Unk,,McClureE,140922_M00704_0023_000000000-AAN0E,Complete,Phusion,151309.0,,
NIH_Leech_Microbiome,Deposit,A081714EMd,A081714EMdg,A081714EMd.gD22,Single,Single,2014-09-14,,none,806rcbc22,AGCTGTTGTTTG,A081714EMdgD,A081714EMd-gD22,16Sv4,287.0,Unk,,McClureE,140922_M00704_0023_000000000-AAN0E,Complete,Phusion,151309.0,,
NIH_Leech_Microbiome,Deposit,A081714EMd,A081714EMdi,A081714EMd.iD24,Single,Single,2014-09-14,,none,806rcbc24,GCGATATATCGC,A081714EMdiD,A081714EMd-iD24,16Sv4,287.0,Unk,,McClureE,140922_M00704_0023_000000000-AAN0E,Complete,Phusion,151309.0,,
NIH_Leech_Microbiome,Deposit,A081714EMd,A081714EMdi,A081714EMd.iD282,v4.SDSB,C11,2016-12-22,v4.SB711,AACGCTGA,v4.SD503,CGATCTAC,A081714EMdiD,A081714EMd-iD282,16Sv4,287.0,4.42,,McClureE,161223_M03075_0094_000000000-ARN4N,Complete,Phusion,271607.0,,
NIH_Leech_Microbiome,Deposit,A081714EMd,A081714EMdos,A081714EMd.osD25,Single,Single,2014-09-14,,none,806rcbc25,TAGGATTGCTCG,A081714EMdosD,A081714EMd-osD25,16Sv4,287.0,Unk,,McClureE,140922_M00704_0023_000000000-AAN0E,Complete,Phusion,151309.0,,
NIH_Leech_Microbiome,Deposit,A081714EMe,A081714EMeg,A081714EMe.gD26,Single,Single,2014-09-14,,none,806rcbc26,ATGTGCACGACT,A081714EMegD,A081714EMe-gD26,16Sv4,287.0,Unk,,McClureE,140922_M00704_0023_000000000-AAN0E,Complete,Phusion,151309.0,,
NIH_Leech_Microbiome,Deposit,A081714EMe,A081714EMei,A081714EMe.iD283,v4.SDSB,D11,2016-12-22,v4.SB711,AACGCTGA,v4.SD504,TGCGTCAC,A081714EMeiD,A081714EMe-iD283,16Sv4,287.0,5.89,,McClureE,161223_M03075_0094_000000000-ARN4N,Complete,Phusion,271607.0,,
NIH_Leech_Microbiome,Deposit,A081714EMe,A081714EMei,A081714EMe.iD29,Single,Single,2014-09-14,,none,806rcbc29,ATCCCGAATTTG,A081714EMeiD,A081714EMe-iD29,16Sv4,287.0,Unk,,McClureE,140922_M00704_0023_000000000-AAN0E,Complete,Phusion,151309.0,,
NIH_Leech_Microbiome,Deposit,A081714EMe,A081714EMeos,A081714EMe.osD33,Single,Single,2014-09-14,,none,806rcbc33,TCACGGGAGTTG,A081714EMeosD,A081714EMe-osD33,16Sv4,287.0,Unk,,McClureE,140922_M00704_0023_000000000-AAN0E,Complete,Phusion,151309.0,,
NIH_Leech_Microbiome,Deposit,A081714EMf,A081714EMfg,A081714EMf.gD34,Single,Single,2014-09-14,,none,806rcbc34,CTGCTAACGCAA,A081714EMfgD,A081714EMf-gD34,16Sv4,287.0,Unk,,McClureE,140922_M00704_0023_000000000-AAN0E,Complete,Phusion,151309.0,,
NIH_Leech_Microbiome,Deposit,A081714EMf,A081714EMfi,A081714EMf.iD284,v4.SDSB,E11,2016-12-22,v4.SB711,AACGCTGA,v4.SD505,GTCTAGTG,A081714EMfiD,A081714EMf-iD284,16Sv4,287.0,3.59,,McClureE,161223_M03075_0094_000000000-ARN4N,Complete,Phusion,271607.0,,
NIH_Leech_Microbiome,Deposit,A081714EMf,A081714EMfi,A081714EMf.iD35,Single,Single,2014-09-14,,none,806rcbc35,TTAGGGCTCGTA,A081714EMfiD,A081714EMf-iD35,16Sv4,287.0,Unk,,McClureE,140922_M00704_0023_000000000-AAN0E,Complete,Phusion,151309.0,,
NIH_Leech_Microbiome,Deposit,A081714EMf,A081714EMfos,A081714EMf.osD36,Single,Single,2014-09-14,,none,806rcbc36,TCTAGCGTAGTG,A081714EMfosD,A081714EMf-osD36,16Sv4,287.0,Unk,,McClureE,140922_M00704_0023_000000000-AAN0E,Complete,Phusion,151309.0,,
NIH_Leech_Microbiome,Deposit,A081814EMg,A081814EMgg,A081814EMg.gD126,Single,Single,2014-09-14,,none,806rcbc126,TCTACGGAGAGC,A081814EMggD,A081814EMg-gD126,16Sv4,287.0,Unk,,McClureE,140922_M00704_0023_000000000-AAN0E,Complete,Phusion,151309.0,,
NIH_Leech_Microbiome,Deposit,A081814EMg,A081814EMgi,A081814EMg.iD127,Single,Single,2014-09-14,,none,806rcbc127,GGTCAGCTTAAC,A081814EMgiD,A081814EMg-iD127,16Sv4,287.0,Unk,,McClureE,140922_M00704_0023_000000000-AAN0E,Complete,Phusion,151309.0,,
NIH_Leech_Microbiome,Deposit,A081814EMg,A081814EMgi,A081814EMg.iD285,v4.SDSB,F11,2016-12-22,v4.SB711,AACGCTGA,v4.SD506,CTAGTATG,A081814EMgiD,A081814EMg-iD285,16Sv4,287.0,6.9,,McClureE,161223_M03075_0094_000000000-ARN4N,Complete,Phusion,271607.0,,
NIH_Leech_Microbiome,Deposit,A081814EMg,A081814EMgos,A081814EMg.osD128,Single,Single,2014-09-14,,none,806rcbc128,ACGGCATGGCAT,A081814EMgosD,A081814EMg-osD128,16Sv4,287.0,Unk,,McClureE,140922_M00704_0023_000000000-AAN0E,Complete,Phusion,151309.0,,
NIH_Leech_Microbiome,Deposit,A081814EMh,A081814EMhg,A081814EMh.gD129,Single,Single,2014-09-14,,none,806rcbc129,CGTGACAATGTC,A081814EMhgD,A081814EMh-gD129,16Sv4,287.0,Unk,,McClureE,140922_M00704_0023_000000000-AAN0E,Complete,Phusion,151309.0,,
NIH_Leech_Microbiome,Deposit,A081814EMh,A081814EMhi,A081814EMh.iD130,Single,Single,2014-09-14,,none,806rcbc130,ATGGTTGTTGGC,A081814EMhiD,A081814EMh-iD130,16Sv4,287.0,Unk,,McClureE,140922_M00704_0023_000000000-AAN0E,Complete,Phusion,151309.0,,
NIH_Leech_Microbiome,Deposit,A081814EMh,A081814EMhi,A081814EMh.iD286,v4.SDSB,G11,2016-12-22,v4.SB711,AACGCTGA,v4.SD507,GATAGCGT,A081814EMhiD,A081814EMh-iD286,16Sv4,287.0,6.38,,McClureE,161223_M03075_0094_000000000-ARN4N,Complete,Phusion,271607.0,,
NIH_Leech_Microbiome,Deposit,A081814EMh,A081814EMhos,A081814EMh.osD131,Single,Single,2014-09-14,,none,806rcbc131,CCTAGTACTGAT,A081814EMhosD,A081814EMh-osD131,16Sv4,287.0,Unk,,McClureE,140922_M00704_0023_000000000-AAN0E,Complete,Phusion,151309.0,,
NIH_Leech_Microbiome,Deposit,A081814EMi,A081814EMig,A081814EMi.gD132,Single,Single,2014-09-14,,none,806rcbc132,ATCGCTCGAGGA,A081814EMigD,A081814EMi-gD132,16Sv4,287.0,Unk,,McClureE,140922_M00704_0023_000000000-AAN0E,Complete,Phusion,151309.0,,
NIH_Leech_Microbiome,Deposit,A081814EMi,A081814EMii,A081814EMi.iD133,Single,Single,2014-09-14,,none,806rcbc133,TAACGCTTGGGT,A081814EMiiD,A081814EMi-iD133,16Sv4,287.0,Unk,,McClureE,140922_M00704_0023_000000000-AAN0E,Complete,Phusion,151309.0,,
NIH_Leech_Microbiome,Deposit,A081814EMi,A081814EMii,A081814EMi.iD287,v4.SDSB,H11,2016-12-22,v4.SB711,AACGCTGA,v4.SD508,TCTACACT,A081814EMiiD,A081814EMi-iD287,16Sv4,287.0,3.34,,McClureE,161223_M03075_0094_000000000-ARN4N,Complete,Phusion,271607.0,,
NIH_Leech_Microbiome,Deposit,A081814EMi,A081814EMios,A081814EMi.osD134,Single,Single,2014-09-14,,none,806rcbc134,AATCTTGCTGCA,A081814EMiosD,A081814EMi-osD134,16Sv4,287.0,Unk,,McClureE,140922_M00704_0023_000000000-AAN0E,Complete,Phusion,151309.0,,
NIH_Leech_Microbiome,Deposit,A042117JGa,A042117JGab,A042117JGa.bD438,v4.SASC,G05,2017-07-08,v4.SC705,CGAGCTAG,v4.SA507,GGATATCT,A042117JGabD,A042117JGa-bD438,16Sv4,287.0,0.78,,McClureE,170914_M03075_0158_000000000-BD6FG,Complete,Phusion,291704.0,,
NIH_Leech_Microbiome,Deposit,A042117JGa,A042117JGab,A042117JGa.bD501,v4.SBSC,B01,2018-02-01,v4.SC701,CAGTAGGT,v4.SB502,CGTTACTA,A042117JGabD,A042117JGaxbD501,16Sv4,287.0,0.59,,McClureE,180203_M03075_0181_000000000-BFFBD,Complete,Phusion,311709.0,,
NIH_Leech_Microbiome,Deposit,A042117JGa,A042117JGai,A042117JGa.iD529,v4.SBSC,F04,2018-02-01,v4.SC704,TCCTCATG,v4.SB506,TCGACGAG,A042117JGaiD,A042117JGaxiD529,16Sv4,287.0,3.84,,McClureE,180203_M03075_0181_000000000-BFFBD,Complete,Phusion,311709.0,,
NIH_Leech_Microbiome,Deposit,A042117JGb,A042117JGbb,A042117JGb.bD573,v4.SBSC,B10,2017-11-08,v4.SC710,TCAGTCTA,v4.SB502,CGTTACTA,A042117JGbbD,A042117JGb-bD573,16Sv4,287.0,2.15,,McClureE,171110_M03075_0167_000000000-B6GCW,Complete,Phusion,291704.0,,
NIH_Leech_Microbiome,Deposit,A042117JGc,A042117JGci,A042117JGc.iD514,v4.SBSC,G02,2018-02-01,v4.SC702,ATAGCGCT,v4.SB507,GATCGTGT,A042117JGciD,A042117JGcxiD514,16Sv4,287.0,3.68,,McClureE,180203_M03075_0181_000000000-BFFBD,Complete,Phusion,311709.0,,
NIH_Leech_Microbiome,Deposit,A042117JGd,A042117JGdb,A042117JGd.bD594,v4.SBSC,G12,2017-11-08,v4.SC712,GAGCTCGA,v4.SB507,GATCGTGT,A042117JGdbD,A042117JGd-bD594,16Sv4,287.0,0.69,,McClureE,171110_M03075_0167_000000000-B6GCW,Complete,Phusion,291704.0,,
NIH_Leech_Microbiome,Deposit,A042117JGd,A042117JGdi,A042117JGd.iD516,v4.SBSC,A03,2018-02-01,v4.SC703,TCTAGACT,v4.SB501,CTACTATA,A042117JGdiD,A042117JGdxiD516,16Sv4,287.0,3.04,,McClureE,180203_M03075_0181_000000000-BFFBD,Complete,Phusion,311709.0,,
NIH_Leech_Microbiome,Deposit,A042317EMe,A042317EMei,A042317EMe.iD513,v4.SBSC,F02,2018-02-01,v4.SC702,ATAGCGCT,v4.SB506,TCGACGAG,A042317EMeiD,A042317EMexiD513,16Sv4,287.0,2.34,,McClureE,180203_M03075_0181_000000000-BFFBD,Complete,Phusion,311709.0,,
NIH_Leech_Microbiome,Deposit,A042317EMe,A042317EMei,A042317EMe.iD689,v4.SBSD,B12,2018-02-01,v4.SD712,TGCGTCAA,v4.SB502,CGTTACTA,A042317EMeiD,A042317EMexiD689,16Sv4,287.0,0.63,,GrafJ,180203_M03075_0181_000000000-BFFBD,Complete,Phusion,311709.0,,
NIH_Leech_Microbiome,Deposit,A042317EMe,A042317EMeu,A042317EMe.uD528,v4.SBSC,E04,2018-02-01,v4.SC704,TCCTCATG,v4.SB505,ACGTCTCG,A042317EMeuD,A042317EMexuD528,16Sv4,287.0,1.27,,McClureE,180203_M03075_0181_000000000-BFFBD,Complete,Phusion,311709.0,,
NIH_Leech_Microbiome,Deposit,A042317EMe,A042317EMeu,A042317EMe.uD542,v4.SBSC,C06,2017-11-08,v4.SC706,CTCTAGAG,v4.SB503,AGAGTCAC,A042317EMeuD,A042317EMe-uD542,16Sv4,287.0,1.65,,McClureE,171110_M03075_0167_000000000-B6GCW,Complete,Phusion,291704.0,,
NIH_Leech_Microbiome,Deposit,A042317EMf,A042317EMfi,A042317EMf.iD508,v4.SBSC,A02,2018-02-01,v4.SC702,ATAGCGCT,v4.SB501,CTACTATA,A042317EMfiD,A042317EMfxiD508,16Sv4,287.0,2.48,,McClureE,180203_M03075_0181_000000000-BFFBD,Complete,Phusion,311709.0,,
NIH_Leech_Microbiome,Deposit,A042317EMf,A042317EMfi,A042317EMf.iD688,v4.SBSD,A12,2018-02-01,v4.SD712,TGCGTCAA,v4.SB501,CTACTATA,A042317EMfiD,A042317EMfxiD688,16Sv4,287.0,0.39,,GrafJ,180203_M03075_0181_000000000-BFFBD,Complete,Phusion,311709.0,,
NIH_Leech_Microbiome,Deposit,A042317EMf,A042317EMfu,A042317EMf.uD559,v4.SBSC,D08,2017-11-08,v4.SC708,AGCATACC,v4.SB504,TACGAGAC,A042317EMfuD,A042317EMf-uD559,16Sv4,287.0,1.76,,McClureE,171110_M03075_0167_000000000-B6GCW,Complete,Phusion,291704.0,,
NIH_Leech_Microbiome,Deposit,A042317EMg,A042317EMgb,A042317EMg.bD592,v4.SBSC,E12,2017-11-08,v4.SC712,GAGCTCGA,v4.SB505,ACGTCTCG,A042317EMgbD,A042317EMg-bD592,16Sv4,287.0,0.16,,McClureE,171110_M03075_0167_000000000-B6GCW,Complete,Phusion,291704.0,,
NIH_Leech_Microbiome,Deposit,A042317EMg,A042317EMgi,A042317EMg.iD527,v4.SBSC,D04,2018-02-01,v4.SC704,TCCTCATG,v4.SB504,TACGAGAC,A042317EMgiD,A042317EMgxiD527,16Sv4,287.0,4.72,,McClureE,180203_M03075_0181_000000000-BFFBD,Complete,Phusion,311709.0,,
NIH_Leech_Microbiome,Deposit,A042317EMg,A042317EMgi,A042317EMg.iD690,v4.SBSD,C12,2018-02-01,v4.SD712,TGCGTCAA,v4.SB503,AGAGTCAC,A042317EMgiD,A042317EMgxiD690,16Sv4,287.0,0.68,,GrafJ,180203_M03075_0181_000000000-BFFBD,Complete,Phusion,311709.0,,
NIH_Leech_Microbiome,Deposit,A042317EMg,A042317EMgu,A042317EMg.uD511,v4.SBSC,D02,2018-02-01,v4.SC702,ATAGCGCT,v4.SB504,TACGAGAC,A042317EMguD,A042317EMgxuD511,16Sv4,287.0,0,,McClureE,180203_M03075_0181_000000000-BFFBD,Complete,Phusion,311709.0,,
NIH_Leech_Microbiome,Deposit,A042317EMg,A042317EMgu,A042317EMg.uD569,v4.SBSC,F09,2017-11-08,v4.SC709,CGTCATAC,v4.SB506,TCGACGAG,A042317EMguD,A042317EMg-uD569,16Sv4,287.0,0,,McClureE,171110_M03075_0167_000000000-B6GCW,Complete,Phusion,291704.0,,
NIH_Leech_Microbiome,Deposit,A042317EMh,A042317EMhi,A042317EMh.iD522,v4.SBSC,G03,2018-02-01,v4.SC703,TCTAGACT,v4.SB507,GATCGTGT,A042317EMhiD,A042317EMhxiD522,16Sv4,287.0,2.86,,McClureE,180203_M03075_0181_000000000-BFFBD,Complete,Phusion,311709.0,,
NIH_Leech_Microbiome,Deposit,A042317EMh,A042317EMhu,A042317EMh.uD518,v4.SBSC,C03,2018-02-01,v4.SC703,TCTAGACT,v4.SB503,AGAGTCAC,A042317EMhuD,A042317EMhxuD518,16Sv4,287.0,3.29,,McClureE,180203_M03075_0181_000000000-BFFBD,Complete,Phusion,311709.0,,
NIH_Leech_Microbiome,Deposit,A042317EMh,A042317EMhu,A042317EMh.uD558,v4.SBSC,C08,2017-11-08,v4.SC708,AGCATACC,v4.SB503,AGAGTCAC,A042317EMhuD,A042317EMh-uD558,16Sv4,287.0,2.03,,McClureE,171110_M03075_0167_000000000-B6GCW,Complete,Phusion,291704.0,,
NIH_Leech_Microbiome,Deposit,A042317EMi,A042317EMib,A042317EMi.bD500,v4.SBSC,A01,2018-02-01,v4.SC701,CAGTAGGT,v4.SB501,CTACTATA,A042317EMibD,A042317EMixbD500,16Sv4,287.0,0.79,,McClureE,180203_M03075_0181_000000000-BFFBD,Complete,Phusion,311709.0,,
NIH_Leech_Microbiome,Deposit,A042317EMi,A042317EMii,A042317EMi.iD515,v4.SBSC,H02,2018-02-01,v4.SC702,ATAGCGCT,v4.SB508,GTCAGATA,A042317EMiiD,A042317EMixiD515,16Sv4,287.0,3.61,,McClureE,180203_M03075_0181_000000000-BFFBD,Complete,Phusion,311709.0,,
NIH_Leech_Microbiome,Deposit,A042317EMi,A042317EMiu,A042317EMi.uD517,v4.SBSC,B03,2018-02-01,v4.SC703,TCTAGACT,v4.SB502,CGTTACTA,A042317EMiuD,A042317EMixuD517,16Sv4,287.0,3.64,,McClureE,180203_M03075_0181_000000000-BFFBD,Complete,Phusion,311709.0,,
NIH_Leech_Microbiome,Deposit,A042317EMi,A042317EMiu,A042317EMi.uD560,v4.SBSC,E08,2017-11-08,v4.SC708,AGCATACC,v4.SB505,ACGTCTCG,A042317EMiuD,A042317EMi-uD560,16Sv4,287.0,3.62,,McClureE,171110_M03075_0167_000000000-B6GCW,Complete,Phusion,291704.0,,
NIH_Leech_Microbiome,Deposit,A042317EMj,A042317EMjb,A042317EMj.bD440,v4.SASC,A06,2017-07-08,v4.SC706,CTCTAGAG,v4.SA501,ATCGTACG,A042317EMjbD,A042317EMj-bD440,16Sv4,287.0,0.86,,McClureE,170914_M03075_0158_000000000-BD6FG,Complete,Phusion,291704.0,,
NIH_Leech_Microbiome,Deposit,A042317EMj,A042317EMjb,A042317EMj.bD503,v4.SBSC,D01,2018-02-01,v4.SC701,CAGTAGGT,v4.SB504,TACGAGAC,A042317EMjbD,A042317EMjxbD503,16Sv4,287.0,1.92,,McClureE,180203_M03075_0181_000000000-BFFBD,Complete,Phusion,311709.0,,
NIH_Leech_Microbiome,Deposit,A042317EMj,A042317EMji,A042317EMj.iD441,v4.SASC,B06,2017-07-08,v4.SC706,CTCTAGAG,v4.SA502,ACTATCTG,A042317EMjiD,A042317EMj-iD441,16Sv4,287.0,4.22,,McClureE,170914_M03075_0158_000000000-BD6FG,Complete,Phusion,291704.0,,
NIH_Leech_Microbiome,Deposit,A042317EMj,A042317EMji,A042317EMj.iD504,v4.SBSC,E01,2018-02-01,v4.SC701,CAGTAGGT,v4.SB505,ACGTCTCG,A042317EMjiD,A042317EMjxiD504,16Sv4,287.0,3.07,,McClureE,180203_M03075_0181_000000000-BFFBD,Complete,Phusion,311709.0,,
NIH_Leech_Microbiome,Deposit,A042317EMj,A042317EMju,A042317EMj.uD540,v4.SBSC,A06,2017-11-08,v4.SC706,CTCTAGAG,v4.SB501,CTACTATA,A042317EMjuD,A042317EMj-uD540,16Sv4,287.0,4.02,,McClureE,171110_M03075_0167_000000000-B6GCW,Complete,Phusion,291704.0,,
NIH_Leech_Microbiome,Deposit,A042317EMk,A042317EMkb,A042317EMk.bD445,v4.SASC,F06,2017-07-08,v4.SC706,CTCTAGAG,v4.SA506,CGTGAGTG,A042317EMkbD,A042317EMk-bD445,16Sv4,287.0,1.19,,McClureE,170914_M03075_0158_000000000-BD6FG,Complete,Phusion,291704.0,,
NIH_Leech_Microbiome,Deposit,A042317EMk,A042317EMkb,A042317EMk.bD510,v4.SBSC,C02,2018-02-01,v4.SC702,ATAGCGCT,v4.SB503,AGAGTCAC,A042317EMkbD,A042317EMkxbD510,16Sv4,287.0,1.72,,McClureE,180203_M03075_0181_000000000-BFFBD,Complete,Phusion,311709.0,,
NIH_Leech_Microbiome,Deposit,A042317EMk,A042317EMki,A042317EMk.iD444,v4.SASC,E06,2017-07-08,v4.SC706,CTCTAGAG,v4.SA505,TCATCGAG,A042317EMkiD,A042317EMk-iD444,16Sv4,287.0,2.4,,McClureE,170914_M03075_0158_000000000-BD6FG,Complete,Phusion,291704.0,,
NIH_Leech_Microbiome,Deposit,A042317EMk,A042317EMki,A042317EMk.iD507,v4.SBSC,H01,2018-02-01,v4.SC701,CAGTAGGT,v4.SB508,GTCAGATA,A042317EMkiD,A042317EMkxiD507,16Sv4,287.0,3.13,,McClureE,180203_M03075_0181_000000000-BFFBD,Complete,Phusion,311709.0,,
NIH_Leech_Microbiome,Deposit,A043017EMl,A043017EMlb,A043017EMl.bD439,v4.SASC,H05,2017-07-08,v4.SC705,CGAGCTAG,v4.SA508,GACACCGT,A043017EMlbD,A043017EMl-bD439,16Sv4,287.0,0,,McClureE,170914_M03075_0158_000000000-BD6FG,Complete,Phusion,291704.0,,
NIH_Leech_Microbiome,Deposit,A043017EMl,A043017EMlb,A043017EMl.bD584,v4.SBSC,E11,2017-11-08,v4.SC711,CATCGTGA,v4.SB505,ACGTCTCG,A043017EMlbD,A043017EMl-bD584,16Sv4,287.0,0.16,,McClureE,171110_M03075_0167_000000000-B6GCW,Complete,Phusion,291704.0,,
NIH_Leech_Microbiome,Deposit,A043017EMm,A043017EMmi,A043017EMm.iD443,v4.SASC,D06,2017-07-08,v4.SC706,CTCTAGAG,v4.SA504,CTGCGTGT,A043017EMmiD,A043017EMm-iD443,16Sv4,287.0,3.68,,McClureE,170914_M03075_0158_000000000-BD6FG,Complete,Phusion,291704.0,,
NIH_Leech_Microbiome,Deposit,A043017EMm,A043017EMmu,A043017EMm.uD546,v4.SBSC,G06,2017-11-08,v4.SC706,CTCTAGAG,v4.SB507,GATCGTGT,A043017EMmuD,A043017EMm-uD546,16Sv4,287.0,2.44,,McClureE,171110_M03075_0167_000000000-B6GCW,Complete,Phusion,291704.0,,
NIH_Leech_Microbiome,Deposit,A043017EMn,A043017EMnb,A043017EMn.bD593,v4.SBSC,F12,2017-11-08,v4.SC712,GAGCTCGA,v4.SB506,TCGACGAG,A043017EMnbD,A043017EMn-bD593,16Sv4,287.0,0,,McClureE,171110_M03075_0167_000000000-B6GCW,Complete,Phusion,291704.0,,
NIH_Leech_Microbiome,Deposit,A050217EMp,A050217EMpb,A050217EMp.bD434,v4.SASC,C05,2017-07-08,v4.SC705,CGAGCTAG,v4.SA503,TAGCGAGT,A050217EMpbD,A050217EMp-bD434,16Sv4,287.0,0,,McClureE,170914_M03075_0158_000000000-BD6FG,Complete,Phusion,291704.0,,
NIH_Leech_Microbiome,Deposit,A050217EMp,A050217EMpu,A050217EMp.uD580,v4.SBSC,A11,2017-11-08,v4.SC711,CATCGTGA,v4.SB501,CTACTATA,A050217EMpuD,A050217EMp-uD580,16Sv4,287.0,2.5,,McClureE,171110_M03075_0167_000000000-B6GCW,Complete,Phusion,291704.0,,
NIH_Leech_Microbiome,Deposit,A050217EMr,A050217EMrb,A050217EMr.bD436,v4.SASC,E05,2017-07-08,v4.SC705,CGAGCTAG,v4.SA505,TCATCGAG,A050217EMrbD,A050217EMr-bD436,16Sv4,287.0,0,,McClureE,170914_M03075_0158_000000000-BD6FG,Complete,Phusion,291704.0,,
NIH_Leech_Microbiome,Deposit,A050217EMr,A050217EMri,A050217EMr.iD446,v4.SASC,G06,2017-07-08,v4.SC706,CTCTAGAG,v4.SA507,GGATATCT,A050217EMriD,A050217EMr-iD446,16Sv4,287.0,4.22,,McClureE,170914_M03075_0158_000000000-BD6FG,Complete,Phusion,291704.0,,
NIH_Leech_Microbiome,Deposit,A050217EMr,A050217EMru,A050217EMr.uD535,v4.SBSC,D05,2017-11-08,v4.SC705,CGAGCTAG,v4.SB504,TACGAGAC,A050217EMruD,A050217EMr-uD535,16Sv4,287.0,0.71,,McClureE,171110_M03075_0167_000000000-B6GCW,Complete,Phusion,291704.0,,
NIH_Leech_Microbiome,Adult,A42hF050317EMa,A42hF050317EMab,A42hF050317EMa.bD437,v4.SASC,F05,2017-07-08,v4.SC705,CGAGCTAG,v4.SA506,CGTGAGTG,A42hF050317EMabD,A42hF050317EMa-bD437,16Sv4,287.0,1.04,,McClureE,170914_M03075_0158_000000000-BD6FG,Complete,Phusion,291704.0,,
NIH_Leech_Microbiome,Adult,A42hF050317EMa,A42hF050317EMai,A42hF050317EMa.iD523,v4.SBSC,H03,2018-02-01,v4.SC703,TCTAGACT,v4.SB508,GTCAGATA,A42hF050317EMaiD,A42hF050317EMaxiD523,16Sv4,287.0,2.99,,McClureE,180203_M03075_0181_000000000-BFFBD,Complete,Phusion,311709.0,,
NIH_Leech_Microbiome,Adult,A42hF050317EMb,A42hF050317EMbb,A42hF050317EMb.bD442,v4.SASC,C06,2017-07-08,v4.SC706,CTCTAGAG,v4.SA503,TAGCGAGT,A42hF050317EMbbD,A42hF050317EMb-bD442,16Sv4,287.0,2.94,,McClureE,170914_M03075_0158_000000000-BD6FG,Complete,Phusion,291704.0,,
NIH_Leech_Microbiome,Adult,A42hF050317EMb,A42hF050317EMbb,A42hF050317EMb.bD505,v4.SBSC,F01,2018-02-01,v4.SC701,CAGTAGGT,v4.SB506,TCGACGAG,A42hF050317EMbbD,A42hF050317EMbxbD505,16Sv4,287.0,2.2,,McClureE,180203_M03075_0181_000000000-BFFBD,Complete,Phusion,311709.0,,
NIH_Leech_Microbiome,Adult,A42hF050317EMb,A42hF050317EMbi,A42hF050317EMb.iD519,v4.SBSC,D03,2018-02-01,v4.SC703,TCTAGACT,v4.SB504,TACGAGAC,A42hF050317EMbiD,A42hF050317EMbxiD519,16Sv4,287.0,2.59,,McClureE,180203_M03075_0181_000000000-BFFBD,Complete,Phusion,311709.0,,
NIH_Leech_Microbiome,Adult,A42hF050317EMc,A42hF050317EMcb,A42hF050317EMc.bD435,v4.SASC,D05,2017-07-08,v4.SC705,CGAGCTAG,v4.SA504,CTGCGTGT,A42hF050317EMcbD,A42hF050317EMc-bD435,16Sv4,287.0,0.4,,McClureE,170914_M03075_0158_000000000-BD6FG,Complete,Phusion,291704.0,,
NIH_Leech_Microbiome,Adult,A42hF050317EMc,A42hF050317EMci,A42hF050317EMc.iD521,v4.SBSC,F03,2018-02-01,v4.SC703,TCTAGACT,v4.SB506,TCGACGAG,A42hF050317EMciD,A42hF050317EMcxiD521,16Sv4,287.0,1.83,,McClureE,180203_M03075_0181_000000000-BFFBD,Complete,Phusion,311709.0,,
NIH_Leech_Microbiome,Deposit,A050817EMs,A050817EMsu,A050817EMs.uD556,v4.SBSC,A08,2017-11-08,v4.SC708,AGCATACC,v4.SB501,CTACTATA,A050817EMsuD,A050817EMs-uD556,16Sv4,287.0,2.52,,McClureE,171110_M03075_0167_000000000-B6GCW,Complete,Phusion,291704.0,,
NIH_Leech_Microbiome,PureCulture,A7dF051717EMa,A7dF051717EMau,A7dF051717EMa.uD534,v4.SBSC,C05,2017-11-08,v4.SC705,CGAGCTAG,v4.SB503,AGAGTCAC,A7dF051717EMauD,A7dF051717EMa-uD534,16Sv4,287.0,2.41,,McClureE,171110_M03075_0167_000000000-B6GCW,Complete,Phusion,291704.0,,
NIH_Leech_Microbiome,EnvInteract,MAa2dF110314EMa,MAa2dF110314EMai,MAa2dF110314EMa.iD62,Single,Single,2015-04-17,,none,806rcbc62,GAATCTTCGAGC,MAa2dF110314EMaiD,MAa2dF110314EMa-iD62,16Sv4,287.0,1.14,,McClureE,150505_M00704_0036_000000000-AF8HF,Complete,Phusion,181405.0,,
NIH_Leech_Microbiome,EnvInteract,MAa2dF110314EMb,MAa2dF110314EMbu,MAa2dF110314EMb.uD582,v4.SBSC,C11,2017-11-08,v4.SC711,CATCGTGA,v4.SB503,AGAGTCAC,MAa2dF110314EMbuD,MAa2dF110314EMb-uD582,16Sv4,287.0,2.35,,McClureE,171110_M03075_0167_000000000-B6GCW,Complete,Phusion,291704.0,,
NIH_Leech_Microbiome,EnvInteract,MAa2dF110314EMc,MAa2dF110314EMci,MAa2dF110314EMc.iD502,v4.SBSC,C01,2018-02-01,v4.SC701,CAGTAGGT,v4.SB503,AGAGTCAC,MAa2dF110314EMciD,MAa2dF110314EMcxiD502,16Sv4,287.0,1.43,,McClureE,180203_M03075_0181_000000000-BFFBD,Complete,Phusion,311709.0,,
NIH_Leech_Microbiome,EnvInteract,MAa2dF110314EMc,MAa2dF110314EMci,MAa2dF110314EMc.iD54,Single,Single,2015-04-17,,none,806rcbc54,TCCTCTGTCGAC,MAa2dF110314EMciD,MAa2dF110314EMc-iD54,16Sv4,287.0,1.29,,McClureE,150505_M00704_0036_000000000-AF8HF,Complete,Phusion,181405.0,,
NIH_Leech_Microbiome,EnvInteract,MAa2dF110314EMc,MAa2dF110314EMcu,MAa2dF110314EMc.uD485,v4.SASC,F11,2018-02-27,v4.SC711,CATCGTGA,v4.SA506,CGTGAGTG,MAa2dF110314EMcuD,MAa2dF110314EMc-uD485,16Sv4,287.0,0.77,,McClureE,,Prep,Phusion,311709.0,,
NIH_Leech_Microbiome,EnvInteract,MAa2dF110314EMc,MAa2dF110314EMcu,MAa2dF110314EMc.uD581,v4.SBSC,B11,2017-11-08,v4.SC711,CATCGTGA,v4.SB502,CGTTACTA,MAa2dF110314EMcuD,MAa2dF110314EMc-uD581,16Sv4,287.0,0.81,,McClureE,171110_M03075_0167_000000000-B6GCW,Complete,Phusion,291704.0,,
NIH_Leech_Microbiome,EnvInteract,MAa2dF110314EMc,MAa2dF110314EMcu,MAa2dF110314EMc.uD694,v4.SBSD,G12,2018-02-01,v4.SD712,TGCGTCAA,v4.SB507,GATCGTGT,MAa2dF110314EMcuD,MAa2dF110314EMcxuD694,16Sv4,287.0,0.24,,GrafJ,180203_M03075_0181_000000000-BFFBD,Complete,Phusion,311709.0,,
NIH_Leech_Microbiome,EnvInteract,MAa4dF110514EMa,MAa4dF110514EMai,MAa4dF110514EMa.iD18,Single,Single,2015-06-15,,none,806rcbc18,CACGCCATAATG,MAa4dF110514EMaiD,MAa4dF110514EMa-iD18,16Sv4,287.0,1.87,,McClureE,150618_M00704_0043_000000000-AFKF8,Complete,Phusion,211412.0,,
NIH_Leech_Microbiome,EnvInteract,MAa4dF110514EMa,MAa4dF110514EMai,MAa4dF110514EMa.iD24,Single,Single,2015-08-20,,none,806rcbc24,GCGATATATCGC,MAa4dF110514EMaiD,MAa4dF110514EMa-iD24,16Sv4,287.0,1.87,,McClureE,,,Phusion,231505.0,,
NIH_Leech_Microbiome,EnvInteract,MAa4dF110514EMa,MAa4dF110514EMai,MAa4dF110514EMa.iD544,v4.SBSC,E06,2017-11-08,v4.SC706,CTCTAGAG,v4.SB505,ACGTCTCG,MAa4dF110514EMaiD,MAa4dF110514EMa-iD544,16Sv4,287.0,3.34,,McClureE,171110_M03075_0167_000000000-B6GCW,Complete,Phusion,291704.0,,
NIH_Leech_Microbiome,EnvInteract,MAa4dF110514EMa,MAa4dF110514EMau,MAa4dF110514EMa.uD509,v4.SBSC,B02,2018-02-01,v4.SC702,ATAGCGCT,v4.SB502,CGTTACTA,MAa4dF110514EMauD,MAa4dF110514EMaxuD509,16Sv4,287.0,2.25,,McClureE,180203_M03075_0181_000000000-BFFBD,Complete,Phusion,311709.0,,
NIH_Leech_Microbiome,EnvInteract,MAa4dF110514EMa,MAa4dF110514EMau,MAa4dF110514EMa.uD571,v4.SBSC,H09,2017-11-08,v4.SC709,CGTCATAC,v4.SB508,GTCAGATA,MAa4dF110514EMauD,MAa4dF110514EMa-uD571,16Sv4,287.0,2.64,,McClureE,171110_M03075_0167_000000000-B6GCW,Complete,Phusion,291704.0,,
NIH_Leech_Microbiome,EnvInteract,MAa4dF110514EMb,MAa4dF110514EMbi,MAa4dF110514EMb.iD24,Single,Single,2015-06-15,,none,806rcbc24,GCGATATATCGC,MAa4dF110514EMbiD,MAa4dF110514EMb-iD24,16Sv4,287.0,0.81,,McClureE,150618_M00704_0043_000000000-AFKF8,Complete,Phusion,211412.0,,
NIH_Leech_Microbiome,EnvInteract,MAa4dF110514EMb,MAa4dF110514EMbi,MAa4dF110514EMb.iD25,Single,Single,2015-08-25,,none,806rcbc25,TAGGATTGCTCG,MAa4dF110514EMbiD,MAa4dF110514EMb-iD25,16Sv4,287.0,0.81,,McClureE,,,Phusion,231505.0,,
NIH_Leech_Microbiome,EnvInteract,MAa4dF110514EMb,MAa4dF110514EMbi,MAa4dF110514EMb.iD488,v4.SASC,A12,2018-02-27,v4.SC712,GAGCTCGA,v4.SA501,ATCGTACG,MAa4dF110514EMbiD,MAa4dF110514EMb-iD488,16Sv4,287.0,1.2,,McClureE,,Prep,Phusion,311709.0,,
NIH_Leech_Microbiome,EnvInteract,MAa4dF110514EMb,MAa4dF110514EMbi,MAa4dF110514EMb.iD512,v4.SBSC,E02,2018-02-01,v4.SC702,ATAGCGCT,v4.SB505,ACGTCTCG,MAa4dF110514EMbiD,MAa4dF110514EMbxiD512,16Sv4,287.0,1.29,,McClureE,180203_M03075_0181_000000000-BFFBD,Complete,Phusion,311709.0,,
NIH_Leech_Microbiome,EnvInteract,MAa4dF110514EMb,MAa4dF110514EMbu,MAa4dF110514EMb.uD530,v4.SBSC,G04,2018-02-01,v4.SC704,TCCTCATG,v4.SB507,GATCGTGT,MAa4dF110514EMbuD,MAa4dF110514EMbxuD530,16Sv4,287.0,3.27,,McClureE,180203_M03075_0181_000000000-BFFBD,Complete,Phusion,311709.0,,
NIH_Leech_Microbiome,EnvInteract,MAa4dF110514EMb,MAa4dF110514EMbu,MAa4dF110514EMb.uD536,v4.SBSC,E05,2017-11-08,v4.SC705,CGAGCTAG,v4.SB505,ACGTCTCG,MAa4dF110514EMbuD,MAa4dF110514EMb-uD536,16Sv4,287.0,1.62,,McClureE,171110_M03075_0167_000000000-B6GCW,Complete,Phusion,291704.0,,
NIH_Leech_Microbiome,EnvInteract,MAa4dF110514EMc,MAa4dF110514EMci,MAa4dF110514EMc.iD481,v4.SASC,B11,2018-02-27,v4.SC711,CATCGTGA,v4.SA502,ACTATCTG,MAa4dF110514EMciD,MAa4dF110514EMc-iD481,16Sv4,287.0,1.51,,McClureE,,Prep,Phusion,311709.0,,Macrobdella
NIH_Leech_Microbiome,EnvInteract,MAa4dF110514EMc,MAa4dF110514EMci,MAa4dF110514EMc.iD91,Single,Single,2015-04-17,,none,806rcbc91,ATCGGCGTTACA,MAa4dF110514EMciD,MAa4dF110514EMc-iD91,16Sv4,287.0,2.25,,McClureE,150505_M00704_0036_000000000-AF8HF,Complete,Phusion,181405.0,,Macrobdella
NIH_Leech_Microbiome,EnvInteract,MAa4dF110514EMc,MAa4dF110514EMcu,MAa4dF110514EMc.uD550,v4.SBSC,C07,2017-11-08,v4.SC707,ATGAGCTC,v4.SB503,AGAGTCAC,MAa4dF110514EMcuD,MAa4dF110514EMc-uD550,16Sv4,287.0,4.24,,McClureE,171110_M03075_0167_000000000-B6GCW,Complete,Phusion,291704.0,,
NIH_Leech_Microbiome,EnvInteract,MAa4dF110514EMc,MAa4dF110514EMcu,MAa4dF110514EMc.uD693,v4.SBSD,F12,,v4.SD712,TGCGTCAA,v4.SB506,TCGACGAG,MAa4dF110514EMcuD,MAa4dF110514EMcxuD693,16Sv4,287.0,0.35,,GrafJ,180203_M03075_0181_000000000-BFFBD,Complete,Phusion,311709.0,,
NIH_Leech_Microbiome,EnvInteract,MAa0dF110814EMa,MAa0dF110814EMai,MAa0dF110814EMa.iD27,Single,Single,2015-06-15,,none,806rcbc27,ACGCGCAGATAC,MAa0dF110814EMaiD,MAa0dF110814EMa-iD27,16Sv4,287.0,0.12,,McClureE,150618_M00704_0043_000000000-AFKF8,Complete,Phusion,211412.0,,
NIH_Leech_Microbiome,EnvInteract,MAa0dF110814EMa,MAa0dF110814EMai,MAa0dF110814EMa.iD448,v4.SASC,A07,,v4.SC707,ATGAGCTC,v4.SA501,ATCGTACG,MAa0dF110814EMaiD,MAa0dF110814EMa-iD448,16Sv4,287.0,,,McClureE,171204_M03075_0173_000000000-BF7TR,Complete,Phusion,291704.0,,
NIH_Leech_Microbiome,EnvInteract,MAa0dF110814EMa,MAa0dF110814EMai,MAa0dF110814EMa.iD493,v4.SASC,F12,2018-02-27,v4.SC712,GAGCTCGA,v4.SA506,CGTGAGTG,MAa0dF110814EMaiD,MAa0dF110814EMa-iD493,16Sv4,287.0,0.75,,McClureE,,Prep,Phusion,311709.0,,
NIH_Leech_Microbiome,EnvInteract,MAa0dF110814EMa,MAa0dF110814EMai,MAa0dF110814EMa.iD526,v4.SBSC,C04,2018-02-01,v4.SC704,TCCTCATG,v4.SB503,AGAGTCAC,MAa0dF110814EMaiD,MAa0dF110814EMaxiD526,16Sv4,287.0,0,,McClureE,180203_M03075_0181_000000000-BFFBD,Complete,Phusion,311709.0,,
NIH_Leech_Microbiome,EnvInteract,MAa0dF110814EMa,MAa0dF110814EMau,MAa0dF110814EMa.uD575,v4.SBSC,D10,2017-11-08,v4.SC710,TCAGTCTA,v4.SB504,TACGAGAC,MAa0dF110814EMauD,MAa0dF110814EMa-uD575,16Sv4,287.0,0.97,,McClureE,171110_M03075_0167_000000000-B6GCW,Complete,Phusion,291704.0,,
NIH_Leech_Microbiome,EnvInteract,MAa0dF110814EMb,MAa0dF110814EMbi,MAa0dF110814EMb.iD34,Single,Single,2015-06-09,,none,806rcbc34,CTGCTAACGCAA,MAa0dF110814EMbiD,MAa0dF110814EMb-iD34,16Sv4,287.0,1.37,,McClureE,150618_M00704_0043_000000000-AFKF8,Complete,Phusion,211412.0,,
NIH_Leech_Microbiome,EnvInteract,MAa0dF110814EMb,MAa0dF110814EMbi,MAa0dF110814EMb.iD449,v4.SASC,B07,,v4.SC707,ATGAGCTC,v4.SA502,ACTATCTG,MAa0dF110814EMbiD,MAa0dF110814EMb-iD449,16Sv4,287.0,,,McClureE,171204_M03075_0173_000000000-BF7TR,Complete,Phusion,291704.0,,
NIH_Leech_Microbiome,EnvInteract,MAa0dF110814EMb,MAa0dF110814EMbi,MAa0dF110814EMb.iD691,v4.SBSD,D12,,v4.SD712,TGCGTCAA,v4.SB504,TACGAGAC,MAa0dF110814EMbiD,MAa0dF110814EMbxiD691,16Sv4,287.0,0.4,,GrafJ,180203_M03075_0181_000000000-BFFBD,Complete,Phusion,311709.0,,
NIH_Leech_Microbiome,EnvInteract,MAa0dF110814EMb,MAa0dF110814EMbu,MAa0dF110814EMb.uD525,v4.SBSC,B04,2018-02-01,v4.SC704,TCCTCATG,v4.SB502,CGTTACTA,MAa0dF110814EMbuD,MAa0dF110814EMbxuD525,16Sv4,287.0,1.53,,McClureE,180203_M03075_0181_000000000-BFFBD,Complete,Phusion,311709.0,,
NIH_Leech_Microbiome,EnvInteract,MAa0dF110814EMb,MAa0dF110814EMbu,MAa0dF110814EMb.uD551,v4.SBSC,D07,2017-11-08,v4.SC707,ATGAGCTC,v4.SB504,TACGAGAC,MAa0dF110814EMbuD,MAa0dF110814EMb-uD551,16Sv4,287.0,3.17,,McClureE,171110_M03075_0167_000000000-B6GCW,Complete,Phusion,291704.0,,
NIH_Leech_Microbiome,EnvInteract,MAa0dF110814EMc,MAa0dF110814EMci,MAa0dF110814EMc.iD106,Single,Single,2015-04-20,,none,806rcbc106,TGACCTCCAAGA,MAa0dF110814EMciD,MAa0dF110814EMc-iD106,16Sv4,287.0,1.57,,McClureE,150505_M00704_0036_000000000-AF8HF,Complete,Phusion,181405.0,,"[Extract] remeasured 4/22/15, Graf2014EM01, p.29"
NIH_Leech_Microbiome,EnvInteract,MAa0dF110814EMc,MAa0dF110814EMci,MAa0dF110814EMc.iD450,v4.SASC,C07,,v4.SC707,ATGAGCTC,v4.SA503,TAGCGAGT,MAa0dF110814EMciD,MAa0dF110814EMc-iD450,16Sv4,287.0,,,McClureE,171204_M03075_0173_000000000-BF7TR,Complete,Phusion,291704.0,,"[Extract] remeasured 4/22/15, Graf2014EM01, p.29"
NIH_Leech_Microbiome,EnvInteract,MAa0dF110814EMc,MAa0dF110814EMci,MAa0dF110814EMc.iD506,v4.SBSC,G01,2018-02-01,v4.SC701,CAGTAGGT,v4.SB507,GATCGTGT,MAa0dF110814EMciD,MAa0dF110814EMcxiD506,16Sv4,287.0,0.44,,McClureE,180203_M03075_0181_000000000-BFFBD,Complete,Phusion,311709.0,,"[Extract] remeasured 4/22/15, Graf2014EM01, p.29"
NIH_Leech_Microbiome,EnvInteract,MAa0dF110814EMc,MAa0dF110814EMci,MAa0dF110814EMc.iD55,Single,Single,2015-04-10,,none,806rcbc55,CTATTTGCGACA,MAa0dF110814EMciD,MAa0dF110814EMc-iD55,16Sv4,287.0,1.57,,McClureE,,,Phusion,181405.0,,"[Extract] remeasured 4/22/15, Graf2014EM01, p.29"
NIH_Leech_Microbiome,EnvInteract,MAa0dF110814EMc,MAa0dF110814EMcu,MAa0dF110814EMc.uD557,v4.SBSC,B08,2017-11-08,v4.SC708,AGCATACC,v4.SB502,CGTTACTA,MAa0dF110814EMcuD,MAa0dF110814EMc-uD557,16Sv4,287.0,2.62,,McClureE,171110_M03075_0167_000000000-B6GCW,Complete,Phusion,291704.0,,
NIH_Leech_Microbiome,EnvInteract,MAa7dF110814EMa,MAa7dF110814EMai,MAa7dF110814EMa.iD7,Single,Single,2015-06-01,,none,806rcbc7,CTAACCTCCGCT,MAa7dF110814EMaiD,MAa7dF110814EMa-iD7,16Sv4,287.0,0.23,,McClureE,150618_M00704_0043_000000000-AFKF8,Complete,Phusion,211412.0,,
NIH_Leech_Microbiome,EnvInteract,MAa7dF110814EMa,MAa7dF110814EMau,MAa7dF110814EMa.uD520,v4.SBSC,E03,2018-02-01,v4.SC703,TCTAGACT,v4.SB505,ACGTCTCG,MAa7dF110814EMauD,MAa7dF110814EMaxuD520,16Sv4,287.0,3.58,,McClureE,180203_M03075_0181_000000000-BFFBD,Complete,Phusion,311709.0,,
NIH_Leech_Microbiome,EnvInteract,MAa7dF110814EMa,MAa7dF110814EMau,MAa7dF110814EMa.uD555,v4.SBSC,H07,2017-11-08,v4.SC707,ATGAGCTC,v4.SB508,GTCAGATA,MAa7dF110814EMauD,MAa7dF110814EMa-uD555,16Sv4,287.0,4.68,,McClureE,171110_M03075_0167_000000000-B6GCW,Complete,Phusion,291704.0,,
NIH_Leech_Microbiome,EnvInteract,MAa7dF110814EMb,MAa7dF110814EMbi,MAa7dF110814EMb.iD21,Single,Single,2015-06-15,,none,806rcbc21,GCTGATGAGCTG,MAa7dF110814EMbiD,MAa7dF110814EMb-iD21,16Sv4,287.0,0,,McClureE,150618_M00704_0043_000000000-AFKF8,Complete,Phusion,211412.0,,
NIH_Leech_Microbiome,EnvInteract,MAa7dF110814EMb,MAa7dF110814EMbu,MAa7dF110814EMb.uD570,v4.SBSC,G09,2017-11-08,v4.SC709,CGTCATAC,v4.SB507,GATCGTGT,MAa7dF110814EMbuD,MAa7dF110814EMb-uD570,16Sv4,287.0,2.54,,McClureE,171110_M03075_0167_000000000-B6GCW,Complete,Phusion,291704.0,,
NIH_Leech_Microbiome,EnvInteract,MAa7dF110814EMc,MAa7dF110814EMci,MAa7dF110814EMc.iD16,Single,Single,2015-06-15,,none,806rcbc16,TACACGATCTAC,MAa7dF110814EMciD,MAa7dF110814EMc-iD16,16Sv4,287.0,0.39,,McClureE,150618_M00704_0043_000000000-AFKF8,Complete,Phusion,211412.0,,
NIH_Leech_Microbiome,EnvInteract,MAa7dF110814EMc,MAa7dF110814EMcu,MAa7dF110814EMc.uD524,v4.SBSC,A04,2018-02-01,v4.SC704,TCCTCATG,v4.SB501,CTACTATA,MAa7dF110814EMcuD,MAa7dF110814EMcxuD524,16Sv4,287.0,1.32,,McClureE,180203_M03075_0181_000000000-BFFBD,Complete,Phusion,311709.0,,
NIH_Leech_Microbiome,EnvInteract,MAa7dF110814EMc,MAa7dF110814EMcu,MAa7dF110814EMc.uD553,v4.SBSC,F07,2017-11-08,v4.SC707,ATGAGCTC,v4.SB506,TCGACGAG,MAa7dF110814EMcuD,MAa7dF110814EMc-uD553,16Sv4,287.0,3.49,,McClureE,171110_M03075_0167_000000000-B6GCW,Complete,Phusion,291704.0,,
NIH_Leech_Microbiome,WildCollect,Ma5wF082117EMa,Ma5wF082117EMab,Ma5wF082117EMa.bD565,v4.SBSC,B09,2017-11-08,v4.SC709,CGTCATAC,v4.SB502,CGTTACTA,Ma5wF082117EMabD,Ma5wF082117EMa-bD565,16Sv4,287.0,1.89,,McClureE,171110_M03075_0167_000000000-B6GCW,Complete,Phusion,291704.0,,
NIH_Leech_Microbiome,WildCollect,Ma5wF082117EMa,Ma5wF082117EMai,Ma5wF082117EMa.iD548,v4.SBSC,A07,2017-11-08,v4.SC707,ATGAGCTC,v4.SB501,CTACTATA,Ma5wF082117EMaiD,Ma5wF082117EMa-iD548,16Sv4,287.0,4.07,,McClureE,171110_M03075_0167_000000000-B6GCW,Complete,Phusion,291704.0,,
NIH_Leech_Microbiome,WildCollect,Ma5wF082117EMb,Ma5wF082117EMbi,Ma5wF082117EMb.iD566,v4.SBSC,C09,2017-11-08,v4.SC709,CGTCATAC,v4.SB503,AGAGTCAC,Ma5wF082117EMbiD,Ma5wF082117EMb-iD566,16Sv4,287.0,4.04,,McClureE,171110_M03075_0167_000000000-B6GCW,Complete,Phusion,291704.0,,
NIH_Leech_Microbiome,WildCollect,Ma5wF082117EMb,Ma5wF082117EMbo,Ma5wF082117EMb.oD578,v4.SBSC,G10,2017-11-08,v4.SC710,TCAGTCTA,v4.SB507,GATCGTGT,Ma5wF082117EMboD,Ma5wF082117EMb-oD578,16Sv4,287.0,1.04,,McClureE,171110_M03075_0167_000000000-B6GCW,Complete,Phusion,291704.0,,
NIH_Leech_Microbiome,WildCollect,Ma5wF082117EMb,Ma5wF082117EMbu,Ma5wF082117EMb.uD567,v4.SBSC,D09,2017-11-08,v4.SC709,CGTCATAC,v4.SB504,TACGAGAC,Ma5wF082117EMbuD,Ma5wF082117EMb-uD567,16Sv4,287.0,5.46,,McClureE,171110_M03075_0167_000000000-B6GCW,Complete,Phusion,291704.0,,
NIH_Leech_Microbiome,WildCollect,Ma5wF082117EMc,Ma5wF082117EMcb,Ma5wF082117EMc.bD595,v4.SBSC,H12,2017-11-08,v4.SC712,GAGCTCGA,v4.SB508,GTCAGATA,Ma5wF082117EMcbD,Ma5wF082117EMc-bD595,16Sv4,287.0,0.36,,McClureE,171110_M03075_0167_000000000-B6GCW,Complete,Phusion,291704.0,,
NIH_Leech_Microbiome,WildCollect,Ma5wF082117EMc,Ma5wF082117EMci,Ma5wF082117EMc.iD568,v4.SBSC,E09,2017-11-08,v4.SC709,CGTCATAC,v4.SB505,ACGTCTCG,Ma5wF082117EMciD,Ma5wF082117EMc-iD568,16Sv4,287.0,0.99,,McClureE,171110_M03075_0167_000000000-B6GCW,Complete,Phusion,291704.0,,
NIH_Leech_Microbiome,WildCollect,Ma5wF082117EMc,Ma5wF082117EMco,Ma5wF082117EMc.oD583,v4.SBSC,D11,2017-11-08,v4.SC711,CATCGTGA,v4.SB504,TACGAGAC,Ma5wF082117EMcoD,Ma5wF082117EMc-oD583,16Sv4,287.0,0.72,,McClureE,171110_M03075_0167_000000000-B6GCW,Complete,Phusion,291704.0,,
NIH_Leech_Microbiome,WildCollect,Ma5wF082117EMc,Ma5wF082117EMcu,Ma5wF082117EMc.uD532,v4.SBSC,A05,2017-11-08,v4.SC705,CGAGCTAG,v4.SB501,CTACTATA,Ma5wF082117EMcuD,Ma5wF082117EMc-uD532,16Sv4,287.0,0,,McClureE,171110_M03075_0167_000000000-B6GCW,Complete,Phusion,291704.0,,
NIH_Leech_Microbiome,WildCollect,Ma5wF082117EMc,Ma5wF082117EMcu,Ma5wF082117EMc.uD695,v4.SBSD,H12,,v4.SD712,TGCGTCAA,v4.SB508,GTCAGATA,Ma5wF082117EMcuD,Ma5wF082117EMcxuD695,16Sv4,287.0,0.19,,GrafJ,180203_M03075_0181_000000000-BFFBD,Complete,Phusion,311709.0,,
NIH_Leech_Microbiome,WildCollect,Ma071817EMa,Ma071817EMai,Ma071817EMa.iD537,v4.SBSC,F05,2017-11-08,v4.SC705,CGAGCTAG,v4.SB506,TCGACGAG,Ma071817EMaiD,Ma071817EMa-iD537,16Sv4,287.0,3,,McClureE,171110_M03075_0167_000000000-B6GCW,Complete,Phusion,291704.0,,
NIH_Leech_Microbiome,WildCollect,Ma071817EMa,Ma071817EMau,Ma071817EMa.uD572,v4.SBSC,A10,2017-11-08,v4.SC710,TCAGTCTA,v4.SB501,CTACTATA,Ma071817EMauD,Ma071817EMa-uD572,16Sv4,287.0,3.19,,McClureE,171110_M03075_0167_000000000-B6GCW,Complete,Phusion,291704.0,,
NIH_Leech_Microbiome,WildCollect,Ma071817EMb,Ma071817EMbi,Ma071817EMb.iD589,v4.SBSC,B12,2017-11-08,v4.SC712,GAGCTCGA,v4.SB502,CGTTACTA,Ma071817EMbiD,Ma071817EMb-iD589,16Sv4,287.0,0.52,,McClureE,171110_M03075_0167_000000000-B6GCW,Complete,Phusion,291704.0,,
NIH_Leech_Microbiome,WildCollect,Ma071817EMb,Ma071817EMbu,Ma071817EMb.uD554,v4.SBSC,G07,2017-11-08,v4.SC707,ATGAGCTC,v4.SB507,GATCGTGT,Ma071817EMbuD,Ma071817EMb-uD554,16Sv4,287.0,3.42,,McClureE,171110_M03075_0167_000000000-B6GCW,Complete,Phusion,291704.0,,
NIH_Leech_Microbiome,WildCollect,Ma071817EMc,Ma071817EMci,Ma071817EMc.iD538,v4.SBSC,G05,2017-11-08,v4.SC705,CGAGCTAG,v4.SB507,GATCGTGT,Ma071817EMciD,Ma071817EMc-iD538,16Sv4,287.0,3.68,,McClureE,171110_M03075_0167_000000000-B6GCW,Complete,Phusion,291704.0,,
NIH_Leech_Microbiome,WildCollect,Ma071817EMc,Ma071817EMcu,Ma071817EMc.uD541,v4.SBSC,B06,2017-11-08,v4.SC706,CTCTAGAG,v4.SB502,CGTTACTA,Ma071817EMcuD,Ma071817EMc-uD541,16Sv4,287.0,4.11,,McClureE,171110_M03075_0167_000000000-B6GCW,Complete,Phusion,291704.0,,
NIH_Leech_Microbiome,WildCollect,Ma061817EMa,Ma061817EMab,Ma061817EMa.bD588,v4.SBSC,A12,2017-11-08,v4.SC712,GAGCTCGA,v4.SB501,CTACTATA,Ma061817EMabD,Ma061817EMa-bD588,16Sv4,287.0,0.24,,McClureE,171110_M03075_0167_000000000-B6GCW,Complete,Phusion,291704.0,,
NIH_Leech_Microbiome,WildCollect,Ma061817EMa,Ma061817EMai,Ma061817EMa.iD533,v4.SBSC,B05,2017-11-08,v4.SC705,CGAGCTAG,v4.SB502,CGTTACTA,Ma061817EMaiD,Ma061817EMa-iD533,16Sv4,287.0,1.81,,McClureE,171110_M03075_0167_000000000-B6GCW,Complete,Phusion,291704.0,,
NIH_Leech_Microbiome,WildCollect,Ma061817EMb,Ma061817EMbb,Ma061817EMb.bD590,v4.SBSC,C12,2017-11-08,v4.SC712,GAGCTCGA,v4.SB503,AGAGTCAC,Ma061817EMbbD,Ma061817EMb-bD590,16Sv4,287.0,1.21,,McClureE,171110_M03075_0167_000000000-B6GCW,Complete,Phusion,291704.0,,
NIH_Leech_Microbiome,WildCollect,Ma061817EMb,Ma061817EMbi,Ma061817EMb.iD561,v4.SBSC,F08,2017-11-08,v4.SC708,AGCATACC,v4.SB506,TCGACGAG,Ma061817EMbiD,Ma061817EMb-iD561,16Sv4,287.0,3.56,,McClureE,171110_M03075_0167_000000000-B6GCW,Complete,Phusion,291704.0,,
NIH_Leech_Microbiome,WildCollect,Ma061817EMc,Ma061817EMcb,Ma061817EMc.bD591,v4.SBSC,D12,2017-11-08,v4.SC712,GAGCTCGA,v4.SB504,TACGAGAC,Ma061817EMcbD,Ma061817EMc-bD591,16Sv4,287.0,0.69,,McClureE,171110_M03075_0167_000000000-B6GCW,Complete,Phusion,291704.0,,
NIH_Leech_Microbiome,WildCollect,Ma061817EMc,Ma061817EMci,Ma061817EMc.iD486,v4.SASC,G11,2018-02-27,v4.SC711,CATCGTGA,v4.SA507,GGATATCT,Ma061817EMciD,Ma061817EMc-iD486,16Sv4,287.0,0.92,,McClureE,,Prep,Phusion,311709.0,,
NIH_Leech_Microbiome,WildCollect,Ma061817EMc,Ma061817EMci,Ma061817EMc.iD577,v4.SBSC,F10,2017-11-08,v4.SC710,TCAGTCTA,v4.SB506,TCGACGAG,Ma061817EMciD,Ma061817EMc-iD577,16Sv4,287.0,1.35,,McClureE,171110_M03075_0167_000000000-B6GCW,Complete,Phusion,291704.0,,
NIH_Leech_Microbiome,EnvInteract,SAa1dF100913EMa,SAa1dF100913EMai,SAa1dF100913EMa.iD147,Single,Single,2014-06-26,,none,806rcbc147,TCGGAGTGTTGT,SAa1dF100913EMaiD,SAa1dF100913EMa-iD147,16Sv4,287.0,47.2,,McClureE,140724_M00704_0011_000000000-A9K7C,Complete,Phusion,151309.0,,
NIH_Leech_Microbiome,EnvInteract,SAa1dF100913EMa,SAa1dF100913EMai,SAa1dF100913EMa.iD48,Single,Single,2013-10-17,,none,806rcbc48,GGCCACGTAGTA,SAa1dF100913EMaiD,SAa1dF100913EMa-iD48,16Sv4,287.0,47.2,,McClureE,140113_M00704_0074_000000000-A62D4,Complete,Phusion,151309.0,,
NIH_Leech_Microbiome,EnvInteract,SAa1dF100913EMb,SAa1dF100913EMbi,SAa1dF100913EMb.iD141,Single,Single,,,none,806rcbc141,GTATTACGATCC,SAa1dF100913EMbiD,SAa1dF100913EMb-iD141,16Sv4,287.0,,,McClureE,140113_M00704_0074_000000000-A62D4,Complete,Phusion,,,DNA=4.18ng/µL=2013_1018
NIH_Leech_Microbiome,EnvInteract,SAa1dF100913EMb,SAa1dF100913EMbi,SAa1dF100913EMb.iD44,Single,Single,2014-04-12,,none,806rcbc44,CGATCCGTATTA,SAa1dF100913EMbiD,SAa1dF100913EMb-iD44,16Sv4,287.0,,,McClureE,140428_M00704_0080_000000000-A6E26,Complete,Phusion,151309.0,,DNA=4.18ng/µL=2013_1018
NIH_Leech_Microbiome,EnvInteract,SAa1dF100913EMc,SAa1dF100913EMci,SAa1dF100913EMc.iD142,Single,Single,,,none,806rcbc142,TTGATGCTATGC,SAa1dF100913EMciD,SAa1dF100913EMc-iD142,16Sv4,287.0,,,McClureE,140113_M00704_0074_000000000-A62D4,Complete,Phusion,,,DNA=3ng/µL=2013_1018
NIH_Leech_Microbiome,EnvInteract,SAa1dF100913EMc,SAa1dF100913EMci,SAa1dF100913EMc.iD45,Single,Single,2014-04-12,,none,806rcbc45,GTCTAATTCCGA,SAa1dF100913EMciD,SAa1dF100913EMc-iD45,16Sv4,287.0,,,McClureE,140428_M00704_0080_000000000-A6E26,Complete,Phusion,151309.0,,DNA=3ng/µL=2013_1018
NIH_Leech_Microbiome,EnvInteract,SAa2dF101013EMa,SAa2dF101013EMai,SAa2dF101013EMa.iD148,Single,Single,2014-06-26,,none,806rcbc148,TCAACAGCATCG,SAa2dF101013EMaiD,SAa2dF101013EMa-iD148,16Sv4,287.0,51.6,,McClureE,140724_M00704_0011_000000000-A9K7C,Complete,Phusion,151309.0,,
NIH_Leech_Microbiome,EnvInteract,SAa2dF101013EMa,SAa2dF101013EMai,SAa2dF101013EMa.iD63,Single,Single,2013-10-17,,none,806rcbc63,ACACGTAAGCCT,SAa2dF101013EMaiD,SAa2dF101013EMa-iD63,16Sv4,287.0,51.6,,McClureE,140113_M00704_0074_000000000-A62D4,Complete,Phusion,151309.0,,
NIH_Leech_Microbiome,EnvInteract,SAa2dF101013EMb,SAa2dF101013EMbi,SAa2dF101013EMb.iD143,Single,Single,,,none,806rcbc143,CACATCTAACAC,SAa2dF101013EMbiD,SAa2dF101013EMb-iD143,16Sv4,287.0,35.8,,McClureE,140113_M00704_0074_000000000-A62D4,Complete,Phusion,,,DNA=3.51ng/µL=2013_1018
NIH_Leech_Microbiome,EnvInteract,SAa2dF101013EMb,SAa2dF101013EMbi,SAa2dF101013EMb.iD47,Single,Single,2014-04-12,,none,806rcbc47,ACGCCACGAATG,SAa2dF101013EMbiD,SAa2dF101013EMb-iD47,16Sv4,287.0,35.8,,McClureE,140428_M00704_0080_000000000-A6E26,Complete,Phusion,151309.0,,DNA=3.51ng/µL=2013_1018
NIH_Leech_Microbiome,EnvInteract,SAa2dF101013EMc,SAa2dF101013EMci,SAa2dF101013EMc.iD65,Single,Single,2013-10-17,,none,806rcbc65,GAAGTTGGAAGT,SAa2dF101013EMciD,SAa2dF101013EMc-iD65,16Sv4,287.0,,,McClureE,140113_M00704_0074_000000000-A62D4,Complete,Phusion,151309.0,,
NIH_Leech_Microbiome,EnvInteract,SAa4dF101213EMa,SAa4dF101213EMai,SAa4dF101213EMa.iD103,Single,Single,2013-10-17,,none,806rcbc103,TACTTCGCTCGC,SAa4dF101213EMaiD,SAa4dF101213EMa-iD103,16Sv4,287.0,,,McClureE,140113_M00704_0074_000000000-A62D4,Complete,Phusion,151309.0,,
NIH_Leech_Microbiome,EnvInteract,SAa4dF101213EMb,SAa4dF101213EMbi,SAa4dF101213EMb.iD18,Single,Single,,,none,806rcbc18,CACGCCATAATG,SAa4dF101213EMbiD,SAa4dF101213EMb-iD18,16Sv4,287.0,,,McClureE,140113_M00704_0074_000000000-A62D4,Complete,Phusion,,,
NIH_Leech_Microbiome,EnvInteract,SAa4dF101213EMc,SAa4dF101213EMci,SAa4dF101213EMc.iD20,Single,Single,,,none,806rcbc20,GGATCGCAGATC,SAa4dF101213EMciD,SAa4dF101213EMc-iD20,16Sv4,287.0,,,McClureE,140113_M00704_0074_000000000-A62D4,Complete,Phusion,,,
NIH_Leech_Microbiome,WildCollect,LMa071817EMa,LMa071817EMai,LMa071817EMa.iD492,v4.SASC,E12,2018-02-27,v4.SC712,GAGCTCGA,v4.SA505,TCATCGAG,LMa071817EMaiD,LMa071817EMa-iD492,16Sv4,287.0,0.95,,McClureE,,Prep,Phusion,311709.0,,
NIH_Leech_Microbiome,WildCollect,LMa071817EMb,LMa071817EMbi,LMa071817EMb.iD491,v4.SASC,D12,2018-02-27,v4.SC712,GAGCTCGA,v4.SA504,CTGCGTGT,LMa071817EMbiD,LMa071817EMb-iD491,16Sv4,287.0,0.42,,McClureE,,Prep,Phusion,311709.0,,
NIH_Leech_Microbiome,WildCollect,LMa071817EMc,LMa071817EMcu,LMa071817EMc.uD487,v4.SASC,H11,2018-02-27,v4.SC711,CATCGTGA,v4.SA508,GACACCGT,LMa071817EMcuD,LMa071817EMc-uD487,16Sv4,287.0,0,,McClureE,,Prep,Phusion,311709.0,,
NIH_Leech_Microbiome,EnvInteract,FAa1dF100913EMa,FAa1dF100913EMai,FAa1dF100913EMa.iD105,Single,Single,,,none,806rcbc105,CTTACACCAAGT,FAa1dF100913EMaiD,FAa1dF100913EMa-iD105,16Sv4,287.0,111,,McClureE,140113_M00704_0074_000000000-A62D4,Complete,Phusion,,,DNA=3.72ng/µL=2013_1018
NIH_Leech_Microbiome,EnvInteract,FAa1dF100913EMa,FAa1dF100913EMai,FAa1dF100913EMa.iD6,Single,Single,2014-04-12,,none,806rcbc6,AGGCTACACGAC,FAa1dF100913EMaiD,FAa1dF100913EMa-iD6,16Sv4,287.0,111,,McClureE,140428_M00704_0080_000000000-A6E26,Complete,Phusion,151309.0,,DNA=3.72ng/µL=2013_1018
NIH_Leech_Microbiome,EnvInteract,FAa1dF100913EMb,FAa1dF100913EMbi,FAa1dF100913EMb.iD106,Single,Single,,,none,806rcbc106,TGACCTCCAAGA,FAa1dF100913EMbiD,FAa1dF100913EMb-iD106,16Sv4,287.0,58,,McClureE,140113_M00704_0074_000000000-A62D4,Complete,Phusion,,,DNA=10.1ng/µL=2013_1103
NIH_Leech_Microbiome,EnvInteract,FAa1dF100913EMb,FAa1dF100913EMbi,FAa1dF100913EMb.iD9,Single,Single,2014-04-12,,none,806rcbc9,GTATGCGCTGTA,FAa1dF100913EMbiD,FAa1dF100913EMb-iD9,16Sv4,287.0,58,,McClureE,140428_M00704_0080_000000000-A6E26,Complete,Phusion,151309.0,,DNA=10.1ng/µL=2013_1103
NIH_Leech_Microbiome,EnvInteract,FAa1dF100913EMc,FAa1dF100913EMci,FAa1dF100913EMc.iD41,Single,Single,2013-10-17,,none,806rcbc41,TACAGATGGCTC,FAa1dF100913EMciD,FAa1dF100913EMc-iD41,16Sv4,287.0,,,McClureE,140113_M00704_0074_000000000-A62D4,Complete,Phusion,151309.0,,
NIH_Leech_Microbiome,EnvInteract,FAa2dF101013EMa,FAa2dF101013EMai,FAa2dF101013EMa.iD53,Single,Single,2013-10-17,,none,806rcbc53,GAGGCTCATCAT,FAa2dF101013EMaiD,FAa2dF101013EMa-iD53,16Sv4,287.0,,,McClureE,140113_M00704_0074_000000000-A62D4,Complete,Phusion,151309.0,,
NIH_Leech_Microbiome,EnvInteract,FAa2dF101013EMb,FAa2dF101013EMbi,FAa2dF101013EMb.iD54,Single,Single,2013-10-17,,none,806rcbc54,TCCTCTGTCGAC,FAa2dF101013EMbiD,FAa2dF101013EMb-iD54,16Sv4,287.0,,,McClureE,140113_M00704_0074_000000000-A62D4,Complete,Phusion,151309.0,,
NIH_Leech_Microbiome,EnvInteract,FAa2dF101013EMc,FAa2dF101013EMci,FAa2dF101013EMc.iD55,Single,Single,2013-10-17,,none,806rcbc55,CTATTTGCGACA,FAa2dF101013EMciD,FAa2dF101013EMc-iD55,16Sv4,287.0,,,McClureE,140113_M00704_0074_000000000-A62D4,Complete,Phusion,151309.0,,
NIH_Leech_Microbiome,EnvInteract,FAa4dF101213EMb,FAa4dF101213EMbi,FAa4dF101213EMb.iD78,Single,Single,2013-10-17,,none,806rcbc78,GTCATATCGTAC,FAa4dF101213EMbiD,FAa4dF101213EMb-iD78,16Sv4,287.0,,,McClureE,140113_M00704_0074_000000000-A62D4,Complete,Phusion,151309.0,,
NIH_Leech_Microbiome,EnvInteract,FAa4dF101213EMc,FAa4dF101213EMci,FAa4dF101213EMc.iD80,Single,Single,2013-10-17,,none,806rcbc80,TTGCGCATACTA,FAa4dF101213EMciD,FAa4dF101213EMc-iD80,16Sv4,287.0,,,McClureE,140113_M00704_0074_000000000-A62D4,Complete,Phusion,151309.0,,
NIH_Leech_Microbiome,EnvInteract,UAa2dF110314EMa,UAa2dF110314EMai,UAa2dF110314EMa.iD72,Single,Single,2015-04-10,,none,806rcbc72,GAACTAGTCACC,UAa2dF110314EMaiD,UAa2dF110314EMa-iD72,16Sv4,287.0,1.62,,McClureE,,,Phusion,181405.0,,
NIH_Leech_Microbiome,EnvInteract,UAa2dF110314EMb,UAa2dF110314EMbi,UAa2dF110314EMb.iD73,Single,Single,2015-04-10,,none,806rcbc73,GACGGAACCCAT,UAa2dF110314EMbiD,UAa2dF110314EMb-iD73,16Sv4,287.0,2.16,,McClureE,,,Phusion,181405.0,,
NIH_Leech_Microbiome,EnvInteract,UAa2dF110314EMc,UAa2dF110314EMci,UAa2dF110314EMc.iD74,Single,Single,2015-04-10,,none,806rcbc74,CAAGCATGCCTA,UAa2dF110314EMciD,UAa2dF110314EMc-iD74,16Sv4,287.0,2.2,,McClureE,,,Phusion,181405.0,,
NIH_Leech_Microbiome,EnvInteract,UAa4dF110514EMb,UAa4dF110514EMbi,UAa4dF110514EMb.iD75,Single,Single,2015-04-10,,none,806rcbc75,CCTGAACTAGTT,UAa4dF110514EMbiD,UAa4dF110514EMb-iD75,16Sv4,287.0,2.7,,McClureE,,,Phusion,181405.0,,
NIH_Leech_Microbiome,EnvInteract,FAa2d2F022115EMa,FAa2d2F022115EMai,FAa2d2F022115EMa.iD32,Single,Single,2015-04-10,,none,806rcbc32,CAGTGCATATGC,FAa2d2F022115EMaiD,FAa2d2F022115EMa-iD32,16Sv4,287.0,2.79,,McClureE,,,Phusion,181405.0,,
NIH_Leech_Microbiome,EnvInteract,FAa2d2F022115EMb,FAa2d2F022115EMbi,FAa2d2F022115EMb.iD53,Single,Single,2015-04-17,,none,806rcbc53,GAGGCTCATCAT,FAa2d2F022115EMbiD,FAa2d2F022115EMb-iD53,16Sv4,287.0,2.05,,McClureE,150505_M00704_0036_000000000-AF8HF,Complete,Phusion,181405.0,,
NIH_Leech_Microbiome,EnvInteract,FAa2d2F022115EMc,FAa2d2F022115EMci,FAa2d2F022115EMc.iD75,Single,Single,2015-04-17,,none,806rcbc75,CCTGAACTAGTT,FAa2d2F022115EMciD,FAa2d2F022115EMc-iD75,16Sv4,287.0,3.44,,McClureE,150505_M00704_0036_000000000-AF8HF,Complete,Phusion,181405.0,,
NIH_Leech_Microbiome,EnvInteract,UAa2d2F022115EMa,UAa2d2F022115EMai,UAa2d2F022115EMa.iD43,Single,Single,2015-04-17,,none,806rcbc43,AAGGAGCGCCTT,UAa2d2F022115EMaiD,UAa2d2F022115EMa-iD43,16Sv4,287.0,2.7,,McClureE,150505_M00704_0036_000000000-AF8HF,Complete,Phusion,181405.0,,
NIH_Leech_Microbiome,EnvInteract,UAa2d2F022115EMc,UAa2d2F022115EMci,UAa2d2F022115EMc.iD51,Single,Single,2015-04-17,,none,806rcbc51,GACAGGAGATAG,UAa2d2F022115EMciD,UAa2d2F022115EMc-iD51,16Sv4,287.0,1.69,,McClureE,150505_M00704_0036_000000000-AF8HF,Complete,Phusion,181405.0,,
NIH_Leech_Microbiome,EnvInteract,FAa7d2F022715EMa,FAa7d2F022715EMai,FAa7d2F022715EMa.iD28,Single,Single,2015-04-10,,none,806rcbc28,GACTTTCCCTCG,FAa7d2F022715EMaiD,FAa7d2F022715EMa-iD28,16Sv4,287.0,2.75,,McClureE,,,Phusion,181405.0,,
NIH_Leech_Microbiome,EnvInteract,FAa7d2F022715EMb,FAa7d2F022715EMbi,FAa7d2F022715EMb.iD29,Single,Single,2015-04-10,,none,806rcbc29,ATCCCGAATTTG,FAa7d2F022715EMbiD,FAa7d2F022715EMb-iD29,16Sv4,287.0,1,,McClureE,,,Phusion,181405.0,,
NIH_Leech_Microbiome,EnvInteract,UAa7d2F022715EMa,UAa7d2F022715EMai,UAa7d2F022715EMa.iD76,Single,Single,2015-04-10,,none,806rcbc76,CTTCGGCAGAAT,UAa7d2F022715EMaiD,UAa7d2F022715EMa-iD76,16Sv4,287.0,2.19,,McClureE,,,Phusion,181405.0,,
NIH_Leech_Microbiome,EnvInteract,UAa7d2F022715EMb,UAa7d2F022715EMbi,UAa7d2F022715EMb.iD77,Single,Single,2015-04-10,,none,806rcbc77,ACGGGACATGCT,UAa7d2F022715EMbiD,UAa7d2F022715EMb-iD77,16Sv4,287.0,1.79,,McClureE,,,Phusion,181405.0,,
NIH_Leech_Microbiome,EnvInteract,UAa7d2F022715EMc,UAa7d2F022715EMci,UAa7d2F022715EMc.iD78,Single,Single,2015-04-10,,none,806rcbc78,GTCATATCGTAC,UAa7d2F022715EMciD,UAa7d2F022715EMc-iD78,16Sv4,287.0,3.42,,McClureE,,,Phusion,181405.0,,
NIH_Leech_Microbiome,EnvInteract,UAa0d2F031115EMa,UAa0d2F031115EMai,UAa0d2F031115EMa.iD69,Single,Single,2015-04-10,,none,806rcbc69,CTTGTGTCGATA,UAa0d2F031115EMaiD,UAa0d2F031115EMa-iD69,16Sv4,287.0,3.84,,McClureE,,,Phusion,181405.0,,
NIH_Leech_Microbiome,EnvInteract,UAa0d2F031115EMb,UAa0d2F031115EMbi,UAa0d2F031115EMb.iD70,Single,Single,2015-04-10,,none,806rcbc70,TGAGCCGGAATC,UAa0d2F031115EMbiD,UAa0d2F031115EMb-iD70,16Sv4,287.0,2.28,,McClureE,,,Phusion,181405.0,,
NIH_Leech_Microbiome,EnvInteract,UAa0d2F031115EMc,UAa0d2F031115EMci,UAa0d2F031115EMc.iD71,Single,Single,2015-04-10,,none,806rcbc71,GCGGCAATTACG,UAa0d2F031115EMciD,UAa0d2F031115EMc-iD71,16Sv4,287.0,2.38,,McClureE,,,Phusion,181405.0,,
NIH_Leech_Microbiome,EnvInteract,Ua0dF091814EMa,Ua0dF091814EMai,Ua0dF091814EMa.iD31,Single,Single,,,none,806rcbc31,TAGCTCGTAACT,Ua0dF091814EMaiD,Ua0dF091814EMa-iD31,16Sv4,287.0,4.45,,McClureE,150505_M00704_0036_000000000-AF8HF,Complete,Phusion,211412.0,,A0dF091814EMa.iD
NIH_Leech_Microbiome,EnvInteract,Ua0dF091814EMc,Ua0dF091814EMci,Ua0dF091814EMc.iD33,Single,Single,2015-04-17,,none,806rcbc33,TCACGGGAGTTG,Ua0dF091814EMciD,Ua0dF091814EMc-iD33,16Sv4,287.0,1.2,,McClureE,150505_M00704_0036_000000000-AF8HF,Complete,Phusion,181405.0,,A0dF091814EMc.iD
NIH_Leech_Microbiome,EnvInteract,Ua0dF110614EMa,Ua0dF110614EMai,Ua0dF110614EMa.iD59,Single,Single,2015-04-10,,none,806rcbc59,GGTGTCTATTGT,Ua0dF110614EMaiD,Ua0dF110614EMa-iD59,16Sv4,287.0,2.58,,McClureE,,,Phusion,181405.0,,
NIH_Leech_Microbiome,EnvInteract,Ua0dF110614EMb,Ua0dF110614EMbi,Ua0dF110614EMb.iD60,Single,Single,2015-04-10,,none,806rcbc60,GTCAATTGACCG,Ua0dF110614EMbiD,Ua0dF110614EMb-iD60,16Sv4,287.0,2.39,,McClureE,,,Phusion,181405.0,,
NIH_Leech_Microbiome,EnvInteract,Ua0dF110614EMc,Ua0dF110614EMci,Ua0dF110614EMc.iD66,Single,Single,2015-04-17,,none,806rcbc66,TTCCTAGGTGAG,Ua0dF110614EMciD,Ua0dF110614EMc-iD66,16Sv4,287.0,3.11,,McClureE,150505_M00704_0036_000000000-AF8HF,Complete,Phusion,181405.0,,
NIH_Leech_Microbiome,EnvInteract,Ua2dF110814EMa,Ua2dF110814EMai,Ua2dF110814EMa.iD63,Single,Single,2015-04-10,,none,806rcbc63,ACACGTAAGCCT,Ua2dF110814EMaiD,Ua2dF110814EMa-iD63,16Sv4,287.0,1.62,,McClureE,,,Phusion,181405.0,,
NIH_Leech_Microbiome,EnvInteract,Ua2dF110814EMb,Ua2dF110814EMbi,Ua2dF110814EMb.iD64,Single,Single,2015-04-10,,none,806rcbc64,GAGTGGTAGAGA,Ua2dF110814EMbiD,Ua2dF110814EMb-iD64,16Sv4,287.0,2.48,,McClureE,,,Phusion,181405.0,,
NIH_Leech_Microbiome,EnvInteract,Ua2dF110814EMc,Ua2dF110814EMci,Ua2dF110814EMc.iD65,Single,Single,2015-04-10,,none,806rcbc65,GAAGTTGGAAGT,Ua2dF110814EMciD,Ua2dF110814EMc-iD65,16Sv4,287.0,1.57,,McClureE,,,Phusion,181405.0,,
NIH_Leech_Microbiome,EnvInteract,Ua4dF111014EMa,Ua4dF111014EMai,Ua4dF111014EMa.iD66,Single,Single,2015-04-10,,none,806rcbc66,TTCCTAGGTGAG,Ua4dF111014EMaiD,Ua4dF111014EMa-iD66,16Sv4,287.0,0.62,,McClureE,,,Phusion,181405.0,,
NIH_Leech_Microbiome,EnvInteract,Ua4dF111014EMb,Ua4dF111014EMbi,Ua4dF111014EMb.iD67,Single,Single,2015-04-10,,none,806rcbc67,GCACGACAACAC,Ua4dF111014EMbiD,Ua4dF111014EMb-iD67,16Sv4,287.0,0.67,,McClureE,,,Phusion,181405.0,,
NIH_Leech_Microbiome,EnvInteract,Ua4dF111014EMc,Ua4dF111014EMci,Ua4dF111014EMc.iD23,Single,Single,2015-04-17,,none,806rcbc23,GGATGGTGTTGC,Ua4dF111014EMciD,Ua4dF111014EMc-iD23,16Sv4,287.0,3.02,,McClureE,150505_M00704_0036_000000000-AF8HF,Complete,Phusion,181405.0,,
NIH_Leech_Microbiome,EnvInteract,Ua7dF111314EMb,Ua7dF111314EMbi,Ua7dF111314EMb.iD20,Single,Single,2015-04-17,,none,806rcbc20,GGATCGCAGATC,Ua7dF111314EMbiD,Ua7dF111314EMb-iD20,16Sv4,287.0,0.55,,McClureE,150505_M00704_0036_000000000-AF8HF,Complete,Phusion,181405.0,,
NIH_Leech_Microbiome,EnvInteract,Ua7dF111314EMc,Ua7dF111314EMci,Ua7dF111314EMc.iD149,Single,Single,2015-04-17,,none,806rcbc149,TTATGCAGTCGT,Ua7dF111314EMciD,Ua7dF111314EMc-iD149,16Sv4,287.0,2.23,,McClureE,150505_M00704_0036_000000000-AF8HF,Complete,Phusion,181405.0,,
NIH_Leech_Microbiome,EnvInteract,Ua0d2F020415EMa,Ua0d2F020415EMai,Ua0d2F020415EMa.iD25,Single,Single,2015-04-17,,none,806rcbc25,TAGGATTGCTCG,Ua0d2F020415EMaiD,Ua0d2F020415EMa-iD25,16Sv4,287.0,1.54,,McClureE,150505_M00704_0036_000000000-AF8HF,Complete,Phusion,181405.0,,
NIH_Leech_Microbiome,EnvInteract,Ua0d2F020415EMb,Ua0d2F020415EMbi,Ua0d2F020415EMb.iD57,Single,Single,2015-04-10,,none,806rcbc57,CGCAGCGGTATA,Ua0d2F020415EMbiD,Ua0d2F020415EMb-iD57,16Sv4,287.0,3.01,,McClureE,,,Phusion,181405.0,,
NIH_Leech_Microbiome,EnvInteract,Ua0d2F020415EMc,Ua0d2F020415EMci,Ua0d2F020415EMc.iD58,Single,Single,2015-04-10,,none,806rcbc58,AATGCCTCAACT,Ua0d2F020415EMciD,Ua0d2F020415EMc-iD58,16Sv4,287.0,3.6,,McClureE,,,Phusion,181405.0,,
NIH_Leech_Microbiome,EnvInteract,Ua2d2F020615EMa,Ua2d2F020615EMai,Ua2d2F020615EMa.iD61,Single,Single,2015-04-10,,none,806rcbc61,ATGAGACTCCAC,Ua2d2F020615EMaiD,Ua2d2F020615EMa-iD61,16Sv4,287.0,2.53,,McClureE,,,Phusion,181405.0,,
NIH_Leech_Microbiome,EnvInteract,Ua2d2F020615EMb,Ua2d2F020615EMbi,Ua2d2F020615EMb.iD62,Single,Single,2015-04-10,,none,806rcbc62,GAATCTTCGAGC,Ua2d2F020615EMbiD,Ua2d2F020615EMb-iD62,16Sv4,287.0,1.76,,McClureE,,,Phusion,181405.0,,
NIH_Leech_Microbiome,EnvInteract,Ua2d2F020615EMc,Ua2d2F020615EMci,Ua2d2F020615EMc.iD95,Single,Single,2015-04-17,,none,806rcbc95,GTACGTGGGATC,Ua2d2F020615EMciD,Ua2d2F020615EMc-iD95,16Sv4,287.0,2.93,,McClureE,150505_M00704_0036_000000000-AF8HF,Complete,Phusion,181405.0,,
NIH_Leech_Microbiome,EnvInteract,Ua7d2F021115EMa,Ua7d2F021115EMai,Ua7d2F021115EMa.iD67,Single,Single,2015-04-17,,none,806rcbc67,GCACGACAACAC,Ua7d2F021115EMaiD,Ua7d2F021115EMa-iD67,16Sv4,287.0,3.06,,McClureE,150505_M00704_0036_000000000-AF8HF,Complete,Phusion,181405.0,,
NIH_Leech_Microbiome,EnvInteract,Ua7d2F021115EMb,Ua7d2F021115EMbi,Ua7d2F021115EMb.iD68,Single,Single,2015-04-10,,none,806rcbc68,ATCGATCTGTGG,Ua7d2F021115EMbiD,Ua7d2F021115EMb-iD68,16Sv4,287.0,4.72,,McClureE,,,Phusion,181405.0,,
NIH_Leech_Microbiome,EnvInteract,Ua7d2F021115EMc,Ua7d2F021115EMci,Ua7d2F021115EMc.iD41,Single,Single,2015-04-17,,none,806rcbc41,TACAGATGGCTC,Ua7d2F021115EMciD,Ua7d2F021115EMc-iD41,16Sv4,287.0,2.02,,McClureE,150505_M00704_0036_000000000-AF8HF,Complete,Phusion,181405.0,,
NIH_Leech_Microbiome,Hatch,FAa7dH092114EMa,FAa7dH092114EMai,FAa7dH092114EMa.iD27,Single,Single,2015-04-17,,none,806rcbc27,ACGCGCAGATAC,FAa7dH092114EMaiD,FAa7dH092114EMa-iD27,16Sv4,287.0,2.76,,McClureE,150505_M00704_0036_000000000-AF8HF,Complete,Phusion,181405.0,,
NIH_Leech_Microbiome,Hatch,FAa7dH092114EMb,FAa7dH092114EMbi,FAa7dH092114EMb.iD71,Single,Single,2015-04-17,,none,806rcbc71,GCGGCAATTACG,FAa7dH092114EMbiD,FAa7dH092114EMb-iD71,16Sv4,287.0,0.93,,McClureE,150505_M00704_0036_000000000-AF8HF,Complete,Phusion,181405.0,,
